customer_id,age,monthly_income,daily_internet_hours,smartphone_usage_years,social_media_hours,online_payment_trust_score,tech_savvy_score,monthly_online_orders,monthly_store_visits,avg_online_spend,avg_store_spend,discount_sensitivity,return_frequency,avg_delivery_days,delivery_fee_sensitivity,free_return_importance,product_availability_online,impulse_buying_score,need_touch_feel_score,brand_loyalty_score,environmental_awareness,time_pressure_level,gender,city_tier,shopping_preference
1,58,78369,0.8,5,1.6,3,2,21,17,23290,111104,1,1,2,4,4,9,10,1,9,4,9,Female,Tier 1,Hybrid
2,46,165852,9.8,1,4.6,3,7,10,8,41258,56943,6,2,2,7,2,6,6,10,5,1,8,Other,Tier 1,Hybrid
3,42,61313,6.8,14,3.8,6,10,6,2,12512,60242,5,2,4,2,7,5,8,6,3,6,6,Male,Tier 3,Hybrid
4,35,57435,7.5,3,3.3,4,3,14,12,71265,146501,4,6,1,4,1,6,7,5,2,4,10,Other,Tier 2,Hybrid
5,31,281740,5.0,15,3.9,3,5,4,7,147659,141789,5,10,7,10,7,6,4,3,9,8,2,Male,Tier 1,Hybrid
6,27,103876,9.6,7,3.7,7,7,19,14,139204,66406,9,1,2,9,5,6,2,5,7,3,8,Male,Tier 3,Hybrid
7,64,158091,11.7,13,1.2,2,5,26,20,133580,52643,3,6,3,9,9,1,10,6,8,1,2,Female,Tier 2,Hybrid
8,33,50369,3.3,10,5.7,2,8,26,2,140145,33467,3,8,9,3,5,9,10,7,4,9,4,Other,Tier 2,Online
9,43,215779,5.5,9,2.8,4,4,2,10,6014,145707,4,10,4,1,2,1,4,2,1,6,2,Other,Tier 1,Hybrid
10,35,274496,3.0,3,4.4,10,10,15,7,124487,107208,4,2,2,7,6,7,7,8,1,2,1,Female,Tier 3,Hybrid
11,39,77288,3.4,4,3.3,3,7,5,8,121775,65985,2,8,9,2,1,9,1,2,4,3,7,Female,Tier 2,Hybrid
12,31,230260,10.9,3,2.4,7,5,29,14,75276,111388,9,8,3,4,5,4,1,10,9,1,6,Male,Tier 1,Hybrid
13,55,269974,6.3,14,3.3,1,9,2,5,18462,18315,4,7,2,10,4,10,10,1,10,2,7,Other,Tier 3,Hybrid
14,54,294088,4.1,5,1.4,6,4,8,12,34808,79142,8,6,2,1,8,10,10,2,2,9,4,Other,Tier 2,Hybrid
15,26,202981,10.6,15,1.6,5,3,14,17,79803,139158,1,9,5,2,3,5,2,2,9,3,5,Female,Tier 3,Hybrid
16,31,199768,2.8,11,5.1,9,8,8,1,24695,111537,5,1,1,6,3,5,3,8,9,7,9,Male,Tier 1,Hybrid
17,22,98147,6.8,14,2.3,9,3,13,4,11465,81308,6,1,6,4,4,2,6,9,7,10,3,Male,Tier 1,Hybrid
18,69,112826,10.6,1,1.2,6,7,25,7,70441,42232,2,7,1,8,4,4,8,6,5,4,4,Male,Tier 3,Hybrid
19,30,228910,4.3,14,0.6,5,6,20,16,105273,141065,6,1,2,5,3,10,5,1,2,10,7,Female,Tier 3,Hybrid
20,68,184457,5.5,9,0.9,10,4,8,1,114809,943,9,9,4,6,7,2,6,10,6,2,5,Other,Tier 2,Hybrid
21,60,234115,4.3,12,1.9,3,4,13,12,46120,149687,5,7,9,1,5,5,4,7,10,10,6,Female,Tier 2,Hybrid
22,46,132041,6.4,13,5.4,3,2,9,16,88367,24980,4,5,4,4,3,1,1,4,8,10,2,Female,Tier 2,Hybrid
23,58,121940,8.8,7,3.1,4,3,20,0,28441,111949,4,3,9,8,1,9,4,2,8,3,8,Other,Tier 3,Online
24,53,186355,11.4,15,2.8,9,7,26,17,117393,42222,8,8,5,4,5,9,8,4,5,8,2,Other,Tier 2,Hybrid
25,33,162456,4.4,15,3.3,3,3,7,12,40556,56586,2,7,7,6,9,8,7,1,4,7,7,Other,Tier 3,Hybrid
26,19,219429,6.0,6,1.9,7,7,17,17,58312,128486,4,5,7,8,1,7,6,7,3,8,3,Other,Tier 3,Hybrid
27,19,226580,7.3,11,0.4,7,3,27,14,48139,13681,5,7,6,4,8,6,6,7,5,7,5,Male,Tier 2,Hybrid
28,19,47307,12.0,6,1.5,2,1,24,0,65323,52761,1,10,3,4,3,8,2,10,4,8,5,Female,Tier 1,Online
29,56,80048,9.4,3,5.8,2,10,0,9,98884,104480,4,2,10,4,2,5,10,2,10,1,6,Other,Tier 2,Hybrid
30,60,214285,1.3,11,2.2,7,8,3,13,95445,121017,3,7,3,9,5,10,9,8,8,7,10,Female,Tier 2,Store
31,33,65436,3.7,8,1.6,8,10,19,12,88684,8023,8,6,3,8,4,6,5,6,5,10,5,Other,Tier 1,Hybrid
32,51,120168,1.5,12,2.6,9,4,22,15,129165,117986,1,2,5,4,7,4,5,10,6,8,9,Other,Tier 2,Hybrid
33,45,193429,4.5,8,1.8,5,4,3,6,83219,31840,9,3,4,4,8,5,10,9,10,5,2,Male,Tier 2,Hybrid
34,32,209205,2.6,1,4.3,3,5,1,1,145559,77081,3,8,2,1,10,5,8,8,8,6,3,Male,Tier 2,Hybrid
35,48,79814,10.0,7,3.1,10,1,4,4,148045,80148,2,4,2,9,7,10,10,10,4,9,7,Female,Tier 2,Hybrid
36,37,244830,4.0,10,0.5,2,4,20,6,69875,21782,3,4,3,9,2,3,1,7,8,10,8,Female,Tier 1,Hybrid
37,32,171049,8.6,12,5.2,2,4,29,8,52357,111947,2,9,4,3,5,3,2,1,3,5,10,Other,Tier 3,Hybrid
38,36,250242,1.9,12,2.0,7,5,16,17,129945,115255,2,10,1,7,6,10,5,1,2,4,10,Other,Tier 1,Hybrid
39,66,161301,7.1,13,4.6,8,9,20,14,73417,48076,10,7,8,2,8,6,7,6,6,2,3,Female,Tier 2,Hybrid
40,62,279768,3.8,7,4.9,9,1,14,2,82948,66664,6,2,7,9,1,9,8,7,1,4,9,Female,Tier 3,Hybrid
41,66,281353,7.7,13,0.5,5,9,4,9,115349,127564,2,1,10,4,3,5,9,1,9,7,2,Male,Tier 1,Hybrid
42,47,81586,7.9,3,3.1,5,9,22,8,109418,126984,8,4,8,9,3,7,4,10,9,3,2,Female,Tier 2,Hybrid
43,39,286200,3.6,1,1.8,5,10,18,15,39453,117559,9,8,6,6,9,9,7,8,6,4,4,Other,Tier 2,Hybrid
44,32,235364,1.0,12,2.9,7,7,21,20,40373,130347,1,3,9,10,6,2,8,2,9,8,1,Other,Tier 1,Hybrid
45,44,100929,1.4,13,5.8,6,10,22,12,21554,86631,9,7,6,8,9,1,10,2,4,5,4,Other,Tier 1,Hybrid
46,45,71612,9.2,12,5.3,8,3,22,9,8088,12556,6,1,5,6,6,7,3,4,9,7,10,Other,Tier 1,Hybrid
47,28,111786,1.4,14,2.4,4,8,29,18,38017,61366,8,5,8,5,1,8,5,9,3,2,8,Female,Tier 3,Hybrid
48,37,242460,8.4,8,5.1,4,7,27,15,28458,62682,7,10,6,10,5,5,1,7,5,1,10,Other,Tier 3,Hybrid
49,21,280428,10.1,15,1.9,4,10,25,11,57910,50341,10,5,3,2,1,5,8,1,10,6,3,Male,Tier 2,Hybrid
50,38,237843,2.5,3,4.8,6,9,16,8,43634,67863,8,5,6,2,8,2,3,4,7,9,6,Male,Tier 2,Hybrid
51,18,158652,6.7,8,2.3,5,10,12,20,97879,28902,4,8,1,10,9,6,10,4,2,8,5,Other,Tier 2,Hybrid
52,25,93283,1.0,1,2.0,8,2,3,7,141414,36063,7,8,6,9,7,10,3,7,2,8,10,Female,Tier 2,Hybrid
53,20,214264,3.0,8,5.7,6,2,21,11,143228,94524,1,7,5,4,2,8,2,4,10,1,1,Female,Tier 1,Hybrid
54,26,127586,1.3,13,3.4,10,4,26,7,86629,39180,10,1,5,3,3,9,5,3,2,1,3,Male,Tier 2,Hybrid
55,68,144744,7.3,1,1.2,1,3,23,13,138410,30292,2,8,8,6,9,10,2,8,9,4,10,Male,Tier 3,Hybrid
56,68,293390,4.0,11,5.8,1,8,27,12,112245,28801,8,8,2,2,6,10,3,2,3,5,10,Other,Tier 3,Hybrid
57,53,190490,4.9,10,3.3,8,9,19,13,26499,30492,9,4,7,8,4,7,6,8,7,7,2,Female,Tier 2,Hybrid
58,38,153635,4.8,3,4.2,8,2,2,2,24939,113713,2,6,3,9,1,10,9,9,6,2,7,Female,Tier 3,Hybrid
59,66,241740,10.5,12,0.5,5,10,9,11,27658,133515,4,3,8,4,2,6,9,6,2,5,10,Male,Tier 2,Hybrid
60,53,33764,7.5,11,5.0,5,1,5,8,81498,89582,6,1,3,3,10,7,2,3,1,2,9,Male,Tier 2,Hybrid
61,44,257841,4.4,6,2.0,6,10,19,2,14291,41284,3,10,1,2,5,8,7,8,10,8,7,Female,Tier 1,Online
62,66,288617,1.8,7,0.8,10,8,16,9,12405,58307,7,10,1,1,4,5,4,3,5,5,6,Male,Tier 1,Hybrid
63,49,245787,2.5,7,3.3,4,9,17,11,19394,104589,1,7,1,8,2,6,10,7,10,7,7,Female,Tier 1,Hybrid
64,43,30934,11.6,3,4.8,10,8,26,11,23602,114981,2,4,7,10,7,9,2,7,5,6,4,Female,Tier 1,Hybrid
65,22,287640,7.8,9,3.2,6,6,23,20,39216,62436,2,3,5,4,3,10,3,2,3,8,8,Other,Tier 3,Hybrid
66,46,189454,10.4,11,2.0,8,2,15,14,79882,72504,10,1,6,9,2,5,8,8,1,1,6,Female,Tier 1,Hybrid
67,59,67341,7.6,9,2.4,10,9,30,1,118394,49845,6,10,8,9,3,1,8,2,6,2,9,Other,Tier 1,Online
68,20,149889,8.6,8,3.2,10,3,11,11,74658,102058,7,6,10,1,6,2,6,2,9,7,5,Female,Tier 3,Hybrid
69,60,98838,4.3,10,4.0,6,5,30,20,103249,34303,10,2,5,9,7,6,3,9,2,7,9,Female,Tier 1,Hybrid
70,41,181934,2.6,4,2.2,8,4,7,4,41117,20728,5,2,9,9,9,1,6,10,3,10,7,Male,Tier 1,Hybrid
71,29,106790,8.8,1,2.6,4,8,19,9,118183,61842,9,4,5,8,4,6,10,8,8,5,7,Other,Tier 3,Hybrid
72,44,104965,9.9,13,3.7,5,1,20,15,97811,145869,2,9,2,5,2,3,5,8,9,3,7,Male,Tier 1,Hybrid
73,70,256520,10.7,15,0.4,1,7,16,11,62307,101731,2,6,4,1,6,2,6,3,3,1,5,Female,Tier 3,Hybrid
74,26,265948,5.7,1,5.5,1,5,6,4,144365,138852,7,2,5,4,5,2,1,4,7,10,8,Male,Tier 1,Hybrid
75,49,28616,7.8,10,1.6,3,5,13,0,92988,63562,10,7,3,2,9,6,2,9,9,9,9,Other,Tier 1,Hybrid
76,42,266486,1.0,7,5.9,5,1,11,2,90887,63709,2,10,6,3,1,6,9,6,3,8,8,Other,Tier 1,Hybrid
77,69,90701,1.2,13,5.7,1,5,6,1,52789,11485,6,5,9,7,9,8,5,1,4,5,6,Male,Tier 3,Hybrid
78,39,163244,1.9,6,2.7,7,8,28,12,89376,49473,8,8,6,9,5,2,7,2,7,10,3,Other,Tier 2,Hybrid
79,38,73790,1.4,11,1.9,8,10,22,13,44184,116867,6,8,1,6,10,7,5,1,2,7,6,Other,Tier 3,Hybrid
80,61,103879,11.5,3,5.1,8,1,4,2,62364,96530,6,7,10,1,10,3,8,6,6,8,2,Other,Tier 1,Hybrid
81,51,212387,5.1,11,1.8,2,1,23,5,131321,136223,7,9,2,5,5,8,4,10,5,8,4,Male,Tier 1,Online
82,22,257000,2.5,12,2.8,2,6,21,11,17523,144678,9,5,5,3,3,6,9,4,2,4,3,Male,Tier 2,Hybrid
83,19,209213,6.9,6,2.9,9,3,19,2,17735,81578,7,8,9,7,7,10,2,3,6,2,8,Female,Tier 3,Online
84,51,200624,2.0,14,4.7,10,3,24,4,113908,132322,1,2,9,3,5,3,3,6,4,6,9,Female,Tier 1,Online
85,34,122918,7.8,9,1.8,5,10,17,2,132246,44706,10,10,3,3,10,10,6,10,1,1,2,Male,Tier 3,Online
86,67,158755,8.0,13,3.5,10,1,15,20,143519,76435,5,8,4,7,5,8,2,1,3,8,7,Female,Tier 2,Hybrid
87,31,198358,7.5,6,5.2,6,6,12,4,97634,135498,9,2,6,4,8,2,5,8,4,3,2,Male,Tier 2,Hybrid
88,42,239223,3.4,14,5.4,6,10,23,10,50263,42270,8,9,8,8,5,8,1,2,7,9,8,Male,Tier 1,Hybrid
89,55,205018,1.1,5,3.1,8,5,17,0,28679,113465,3,5,6,7,6,1,7,1,10,9,4,Female,Tier 3,Online
90,36,58551,4.9,8,4.6,5,10,21,19,31645,34228,2,7,6,6,9,6,3,4,10,9,7,Other,Tier 1,Hybrid
91,20,40402,2.1,6,4.9,9,8,4,19,135636,37142,6,10,6,3,7,10,5,10,6,9,9,Other,Tier 2,Store
92,63,177176,6.0,1,2.3,2,7,18,9,7485,124910,5,10,10,4,1,10,8,3,9,10,7,Male,Tier 3,Hybrid
93,33,36552,7.1,12,0.8,1,8,10,13,40196,108755,4,7,9,10,8,1,3,9,4,9,6,Other,Tier 2,Hybrid
94,51,217564,4.1,3,2.9,9,6,17,11,69800,127424,4,4,5,9,5,4,5,5,4,8,6,Female,Tier 2,Hybrid
95,53,163370,3.8,10,4.1,7,7,26,11,38897,76640,1,5,2,6,8,5,8,4,4,9,5,Other,Tier 3,Hybrid
96,35,91970,1.8,12,3.6,4,1,21,16,59658,61536,1,2,7,6,8,2,3,1,9,3,7,Other,Tier 2,Hybrid
97,48,124572,9.2,5,2.1,1,2,20,18,61375,140786,1,3,7,3,1,7,8,3,5,1,1,Female,Tier 3,Hybrid
98,56,76256,11.2,6,1.9,9,9,15,4,132676,123188,5,4,2,6,3,8,5,3,1,6,5,Other,Tier 3,Hybrid
99,66,121272,2.5,14,3.9,7,7,16,10,23237,105576,2,3,3,8,6,4,1,5,7,4,8,Female,Tier 2,Hybrid
100,37,25995,3.5,6,4.2,1,2,14,9,42368,106777,9,5,2,5,6,10,4,4,3,8,3,Female,Tier 3,Hybrid
101,56,215887,5.3,9,5.5,9,4,24,7,21961,138258,8,9,6,2,10,2,1,9,9,4,10,Other,Tier 1,Hybrid
102,28,192028,10.3,8,0.9,4,10,15,2,134291,117280,1,8,3,9,7,8,10,1,9,8,5,Other,Tier 1,Hybrid
103,43,153408,9.9,12,1.5,2,1,13,11,17214,142362,1,2,8,1,5,7,3,3,7,6,7,Female,Tier 2,Hybrid
104,42,62074,8.4,11,5.3,3,6,3,5,141339,103537,9,3,4,1,1,5,8,9,7,9,7,Male,Tier 1,Hybrid
105,47,201487,2.3,4,5.6,2,1,25,13,4601,63589,4,2,2,10,1,8,10,1,4,1,7,Female,Tier 1,Hybrid
106,52,133911,9.2,13,0.5,9,5,7,18,84098,84560,4,5,3,9,4,7,5,5,1,9,10,Other,Tier 1,Hybrid
107,58,243976,6.9,1,5.8,7,9,10,13,107522,39616,5,7,3,9,8,4,4,5,3,8,1,Other,Tier 2,Hybrid
108,44,297868,2.0,4,1.7,6,2,29,14,97775,24738,9,4,1,5,7,10,10,1,2,4,10,Other,Tier 3,Hybrid
109,53,133779,6.0,14,5.5,5,1,6,6,31253,126046,4,10,4,7,4,9,6,5,7,8,9,Other,Tier 2,Hybrid
110,37,157133,4.6,15,3.1,2,8,24,10,53748,97678,6,7,1,10,4,3,1,5,9,10,10,Other,Tier 2,Hybrid
111,36,99907,2.8,4,2.4,4,8,17,20,88990,67956,8,8,8,3,6,3,3,9,8,3,9,Other,Tier 1,Hybrid
112,51,37733,10.1,2,5.7,1,1,13,4,61168,18317,3,1,4,9,8,6,1,10,10,8,8,Male,Tier 1,Hybrid
113,52,235659,0.6,9,4.4,9,5,0,16,113372,47493,2,2,9,3,4,4,10,9,5,6,5,Female,Tier 1,Store
114,41,232875,5.8,4,5.9,4,5,21,2,8805,25010,7,7,7,9,8,1,1,3,2,8,7,Other,Tier 2,Online
115,54,69997,10.8,15,0.4,4,10,15,8,12705,19989,5,9,10,1,3,6,1,4,10,3,7,Male,Tier 2,Hybrid
116,28,146076,7.0,14,2.5,9,6,12,4,21059,131779,6,1,2,7,4,2,6,10,10,10,7,Female,Tier 1,Hybrid
117,58,163302,9.5,8,3.0,6,9,30,12,113706,49190,10,7,2,10,5,4,2,2,5,3,7,Other,Tier 3,Hybrid
118,27,224274,4.1,2,0.7,5,8,11,8,27299,35235,2,3,7,8,9,9,9,7,2,1,2,Female,Tier 3,Hybrid
119,23,190094,10.4,1,1.9,7,2,23,17,64133,137104,3,7,3,3,5,5,5,8,3,2,3,Female,Tier 2,Hybrid
120,44,177156,6.1,2,2.3,4,8,19,19,51761,120525,2,3,5,1,7,6,10,7,6,8,6,Female,Tier 3,Hybrid
121,56,91368,4.0,10,5.7,4,8,10,5,104896,84160,5,8,10,4,6,7,5,7,6,2,10,Male,Tier 3,Hybrid
122,52,114333,8.3,9,0.4,8,4,14,9,18629,107754,8,3,5,4,5,3,7,7,2,8,10,Female,Tier 3,Hybrid
123,43,285610,11.1,14,4.2,9,1,25,11,141246,22777,2,4,6,3,10,1,10,7,6,7,2,Male,Tier 1,Hybrid
124,34,136392,6.4,9,3.4,10,4,14,11,103033,121889,10,9,3,6,1,8,2,5,7,2,2,Other,Tier 1,Hybrid
125,40,183520,4.4,13,1.4,8,6,15,3,115362,119106,6,2,5,1,2,1,6,2,3,4,9,Male,Tier 3,Hybrid
126,28,193533,6.9,8,1.5,7,3,5,20,113781,104199,1,10,4,8,10,7,7,1,4,4,5,Other,Tier 1,Store
127,54,73347,9.7,9,1.3,6,4,14,3,69274,128815,9,6,10,7,10,7,10,2,6,6,8,Other,Tier 1,Hybrid
128,70,175946,11.1,10,0.7,3,6,3,7,80553,31157,3,6,3,9,7,7,10,3,10,7,7,Male,Tier 2,Hybrid
129,58,110824,6.9,8,1.9,3,6,26,14,14553,94619,1,8,3,4,7,9,9,8,7,8,7,Other,Tier 2,Hybrid
130,49,107688,1.5,1,4.8,4,5,1,8,59441,141430,5,3,8,10,8,9,9,2,10,2,5,Other,Tier 2,Hybrid
131,52,41815,9.2,8,3.4,7,2,23,20,65388,78542,1,8,5,6,2,8,2,4,4,10,6,Other,Tier 3,Hybrid
132,58,244482,2.4,3,4.8,4,1,18,11,140034,74184,10,9,3,6,5,5,10,5,9,2,3,Female,Tier 1,Hybrid
133,35,86525,8.6,3,1.6,6,4,24,12,128808,37769,10,5,7,7,8,2,2,7,9,5,6,Female,Tier 2,Hybrid
134,38,21296,10.5,14,4.4,8,6,27,2,140596,104758,4,7,4,8,5,6,5,6,9,10,3,Other,Tier 2,Online
135,68,200218,10.8,13,0.5,2,8,0,3,41914,116180,8,1,7,4,3,5,3,5,2,6,5,Male,Tier 2,Hybrid
136,60,106782,1.1,11,2.0,4,7,20,2,25451,784,4,8,2,3,10,4,9,8,1,1,6,Male,Tier 2,Online
137,62,89297,6.0,4,2.4,2,2,10,11,78947,36447,7,3,3,2,9,10,1,10,3,8,6,Other,Tier 1,Hybrid
138,58,99363,11.1,10,4.2,4,2,28,3,37203,32784,10,7,6,7,6,3,4,5,2,4,9,Other,Tier 3,Online
139,64,169380,9.5,12,0.4,5,4,16,19,134068,49952,7,5,1,4,8,7,2,4,8,10,2,Other,Tier 1,Hybrid
140,41,185922,2.0,14,5.1,7,6,17,5,123973,19634,1,10,2,1,5,4,1,1,7,9,5,Other,Tier 3,Online
141,50,237806,5.4,7,0.7,9,9,19,4,73236,22414,5,2,9,4,3,9,6,7,10,2,5,Other,Tier 2,Online
142,64,145114,1.2,2,5.6,2,8,19,19,14925,81578,3,2,1,3,1,3,8,6,9,9,5,Male,Tier 2,Hybrid
143,26,160909,8.9,2,4.7,1,6,25,13,71798,137825,2,5,10,2,8,8,9,6,1,8,10,Male,Tier 2,Hybrid
144,28,153754,9.4,15,3.5,2,4,23,16,1173,12044,1,4,1,8,6,7,3,3,1,9,7,Male,Tier 2,Hybrid
145,33,238238,11.0,6,1.8,2,10,11,3,132107,14307,3,4,9,1,7,2,8,5,5,6,2,Other,Tier 2,Hybrid
146,18,213419,2.8,10,4.8,10,4,14,11,129831,51728,9,4,3,1,7,1,4,9,6,1,6,Male,Tier 3,Hybrid
147,42,181224,1.7,9,5.9,7,8,30,1,37822,73854,2,1,4,9,7,6,8,2,10,2,9,Male,Tier 3,Online
148,70,226753,1.4,10,0.6,3,4,9,8,83077,103510,6,6,8,5,4,2,4,3,10,2,3,Male,Tier 1,Hybrid
149,46,264347,4.1,2,3.3,4,8,9,14,69970,31934,2,3,5,10,1,4,6,3,2,4,6,Female,Tier 3,Hybrid
150,21,176678,3.5,3,0.4,7,8,17,17,65997,25331,8,2,3,2,1,1,4,3,4,7,6,Other,Tier 3,Hybrid
151,59,64060,7.2,5,5.5,2,1,2,6,116742,34261,2,6,2,1,8,1,3,10,7,7,8,Male,Tier 2,Hybrid
152,61,243694,2.5,4,5.5,5,5,14,4,9583,64931,5,8,7,9,8,1,2,5,7,3,7,Male,Tier 3,Hybrid
153,69,295678,3.4,13,3.4,1,7,25,11,126246,143242,8,6,10,9,6,7,5,3,1,6,10,Male,Tier 1,Hybrid
154,69,167289,1.2,8,3.3,10,4,5,3,65474,63716,5,9,1,4,10,7,6,3,3,4,10,Female,Tier 3,Hybrid
155,62,208105,11.0,1,4.3,6,10,18,4,148115,49844,8,9,5,3,8,1,2,1,4,10,4,Male,Tier 3,Online
156,48,20358,4.3,10,1.4,3,6,22,5,85326,16112,1,3,10,3,2,9,6,2,6,7,10,Male,Tier 2,Online
157,37,189136,2.1,3,4.4,7,8,20,10,46166,147818,10,6,4,10,3,7,5,5,3,3,1,Other,Tier 3,Hybrid
158,43,36977,2.6,6,5.5,10,4,20,18,27791,130571,3,6,2,4,6,6,3,2,6,8,1,Female,Tier 1,Hybrid
159,33,55543,4.5,13,0.8,1,1,12,14,110509,44104,7,8,7,6,9,7,2,8,10,4,3,Female,Tier 1,Hybrid
160,69,37517,3.9,6,1.7,2,2,10,5,98924,42680,2,9,2,6,10,10,8,1,7,3,10,Female,Tier 1,Hybrid
161,21,73088,4.3,4,2.6,9,9,8,9,78461,62771,2,1,7,10,9,8,3,1,6,1,7,Male,Tier 2,Hybrid
162,70,271830,2.8,1,1.4,5,2,15,3,81332,104693,8,8,5,2,9,7,3,6,7,6,3,Female,Tier 1,Hybrid
163,34,250550,5.8,4,5.1,10,1,4,3,22967,90622,9,7,10,4,9,1,7,9,7,9,8,Other,Tier 1,Hybrid
164,48,176684,1.4,15,5.2,1,9,18,16,39152,32031,8,3,3,4,4,3,1,7,2,7,4,Other,Tier 1,Hybrid
165,56,155206,4.2,12,5.5,2,2,12,17,104664,145217,6,5,9,8,1,10,10,9,7,2,7,Male,Tier 1,Hybrid
166,54,72535,11.1,10,4.7,5,9,28,11,108212,69741,7,8,10,10,8,1,3,5,7,3,10,Other,Tier 3,Hybrid
167,62,230616,0.9,15,5.3,4,1,23,15,70907,98133,1,6,5,5,5,8,2,4,3,5,8,Female,Tier 2,Hybrid
168,64,238508,7.5,2,1.3,4,7,23,15,135897,98518,1,9,3,2,5,9,7,3,9,10,1,Male,Tier 1,Hybrid
169,30,50213,3.4,8,0.5,6,4,8,11,122192,132915,7,2,1,4,6,8,10,8,3,8,10,Other,Tier 2,Hybrid
170,40,105728,10.1,5,4.5,2,5,0,12,13515,43205,10,4,4,4,4,5,7,9,1,1,8,Male,Tier 3,Hybrid
171,29,24437,3.1,10,4.9,5,5,13,12,91912,120823,5,4,8,5,9,10,7,10,2,1,9,Other,Tier 2,Hybrid
172,53,168204,3.9,2,3.0,6,5,20,10,73083,68958,5,4,3,9,4,1,10,7,6,3,1,Other,Tier 2,Hybrid
173,36,156014,10.9,7,2.5,1,10,22,18,50285,90459,4,9,8,6,9,5,3,9,3,5,2,Female,Tier 1,Hybrid
174,65,155608,8.8,9,4.6,3,6,20,2,58762,93635,4,5,7,6,6,5,10,5,8,2,8,Male,Tier 3,Online
175,55,57337,5.9,4,3.1,7,9,9,13,14672,40025,3,4,6,7,10,8,3,6,3,2,8,Female,Tier 3,Hybrid
176,29,184319,7.8,1,2.8,4,3,18,5,128839,23579,3,10,7,7,7,7,8,7,1,1,9,Male,Tier 3,Online
177,41,27380,10.8,13,5.0,4,1,21,0,65727,59814,6,5,3,2,7,9,10,5,3,2,1,Female,Tier 2,Online
178,47,292780,7.4,6,2.7,3,6,28,15,94675,49894,3,7,1,4,4,3,4,1,10,9,3,Male,Tier 2,Hybrid
179,63,39589,4.8,11,1.7,9,10,1,19,13072,28841,1,1,2,7,8,7,2,9,5,8,3,Male,Tier 3,Store
180,61,24878,4.0,11,0.8,9,5,19,19,36456,110292,2,9,10,2,5,2,2,8,4,10,4,Female,Tier 3,Hybrid
181,30,207654,8.6,5,1.1,9,8,29,6,126503,87165,4,1,1,2,2,10,8,3,2,9,2,Other,Tier 3,Hybrid
182,24,154161,7.9,8,5.9,5,5,14,1,26664,46297,1,5,6,6,7,2,2,1,1,3,3,Female,Tier 2,Hybrid
183,46,160671,10.6,2,2.4,6,3,3,12,105423,120178,5,7,8,7,3,2,3,1,3,2,7,Other,Tier 2,Hybrid
184,69,249723,2.6,7,4.7,10,1,27,4,127136,128458,2,7,8,1,2,5,6,1,9,10,10,Male,Tier 3,Online
185,39,292157,6.5,12,3.8,7,4,15,11,101393,39468,9,10,1,1,3,9,8,8,3,2,8,Female,Tier 1,Hybrid
186,39,165834,1.1,4,3.4,7,7,26,7,21164,120848,8,10,8,2,8,8,6,2,8,1,2,Female,Tier 2,Hybrid
187,20,20088,10.0,13,3.7,10,5,28,16,147912,54724,8,6,6,1,4,8,6,9,10,10,8,Other,Tier 3,Hybrid
188,41,257257,1.8,13,4.0,1,6,11,20,77041,144073,9,6,2,1,3,8,3,7,2,5,10,Male,Tier 1,Hybrid
189,25,225990,3.0,14,4.7,6,2,24,13,12689,32801,8,8,10,9,3,8,1,9,1,9,7,Other,Tier 2,Hybrid
190,50,112905,8.5,3,4.4,3,2,12,19,84869,132649,7,7,10,4,5,7,6,5,8,3,3,Female,Tier 3,Hybrid
191,62,288589,3.9,12,3.4,6,9,20,6,53161,55474,10,5,6,3,3,9,9,6,2,6,9,Female,Tier 3,Hybrid
192,54,238878,8.3,15,5.1,5,7,25,0,137530,28410,1,7,3,1,1,4,5,3,5,5,3,Male,Tier 3,Online
193,68,174738,2.8,9,0.4,8,2,19,17,59300,147633,7,4,9,5,1,7,7,7,6,9,1,Male,Tier 3,Hybrid
194,34,126476,7.6,13,5.2,8,4,29,20,96901,143791,10,4,4,5,8,3,2,3,3,9,2,Female,Tier 1,Hybrid
195,45,166335,6.9,3,1.1,5,1,10,14,41081,10970,3,6,10,1,10,5,8,10,9,6,2,Other,Tier 2,Hybrid
196,51,135323,11.5,9,0.6,9,3,13,17,141280,106253,2,6,4,4,6,6,6,5,4,10,9,Female,Tier 3,Hybrid
197,70,24615,1.8,6,2.8,10,10,7,1,84631,100474,2,7,5,9,5,1,9,6,9,9,8,Female,Tier 1,Hybrid
198,36,120931,4.2,2,5.7,3,9,17,0,17663,55755,4,7,2,4,9,7,2,3,1,8,6,Male,Tier 1,Online
199,22,48452,2.5,5,3.4,10,4,29,8,107358,102220,8,7,7,6,1,7,2,9,1,10,2,Other,Tier 3,Hybrid
200,20,58057,4.6,9,0.8,5,10,2,9,115234,100485,7,1,8,3,9,4,3,7,9,5,3,Female,Tier 3,Hybrid
201,68,215627,11.5,1,3.4,9,3,3,1,1818,103806,9,9,2,5,4,6,4,7,9,3,3,Male,Tier 1,Hybrid
202,57,152509,2.7,3,4.1,10,1,27,17,121417,144591,2,5,2,5,2,4,10,8,6,6,3,Other,Tier 3,Hybrid
203,33,72452,3.8,2,5.4,6,8,14,10,80630,40449,10,10,6,6,7,3,1,6,4,4,7,Female,Tier 2,Hybrid
204,26,193834,10.6,8,2.8,5,8,17,3,46577,21988,5,3,9,4,5,2,2,1,9,1,10,Other,Tier 2,Online
205,67,131547,10.9,9,1.7,9,8,20,4,96397,103391,4,10,5,3,8,9,9,2,7,6,9,Male,Tier 3,Online
206,33,106949,9.2,3,2.8,3,10,30,18,38825,127247,6,1,4,8,4,2,5,6,4,1,4,Other,Tier 2,Hybrid
207,42,266244,11.1,15,0.5,6,2,22,16,72195,69526,10,9,10,3,7,7,6,10,2,9,5,Female,Tier 1,Hybrid
208,51,232778,4.6,14,2.2,8,10,0,16,36929,115816,3,4,2,9,5,4,3,3,3,6,10,Other,Tier 1,Store
209,60,140767,5.3,6,4.4,8,8,15,6,42769,108214,1,4,1,3,10,10,3,3,9,1,10,Male,Tier 1,Hybrid
210,28,155402,11.1,9,5.8,10,10,20,0,74805,22978,4,8,10,8,8,3,4,7,10,3,10,Male,Tier 3,Online
211,60,287808,3.5,12,4.2,8,10,18,2,60744,99645,7,3,2,1,4,9,9,7,3,10,2,Male,Tier 2,Online
212,57,40466,10.6,9,3.1,2,2,15,4,141870,814,7,9,7,6,1,9,7,4,8,7,6,Other,Tier 3,Hybrid
213,66,71231,5.4,5,3.0,4,2,9,19,143035,107624,5,4,1,1,10,9,2,9,1,7,4,Other,Tier 2,Hybrid
214,44,209933,1.7,7,4.0,5,5,27,17,111534,148524,6,10,5,7,4,7,9,9,8,3,6,Other,Tier 3,Hybrid
215,48,153052,11.9,10,2.2,7,3,27,3,60733,117572,3,2,4,9,7,6,9,10,1,3,7,Other,Tier 1,Online
216,69,67756,10.0,8,5.6,7,2,2,8,58635,97712,2,10,1,7,7,10,9,5,10,1,3,Other,Tier 2,Hybrid
217,46,25615,2.8,11,5.6,9,5,6,1,134337,135717,4,10,3,1,6,4,1,3,2,5,7,Female,Tier 3,Hybrid
218,43,232573,7.2,9,0.3,2,2,17,9,147068,91751,6,5,4,10,4,8,7,10,1,5,3,Female,Tier 3,Hybrid
219,24,57951,6.3,6,5.7,9,5,28,17,66073,116569,7,10,8,4,6,8,8,10,1,8,2,Female,Tier 1,Hybrid
220,42,135543,8.3,4,4.8,7,6,16,17,3048,69535,4,5,2,7,6,2,9,3,8,6,6,Male,Tier 3,Hybrid
221,35,115831,11.4,11,5.6,4,8,23,6,62067,63953,5,4,4,4,4,10,6,3,2,2,2,Other,Tier 3,Hybrid
222,49,23472,9.3,9,5.8,8,6,19,10,129564,72519,8,3,9,5,7,4,10,3,1,9,7,Female,Tier 3,Hybrid
223,20,283441,4.5,14,4.2,3,8,3,16,121104,83246,1,1,4,7,10,2,6,6,10,5,3,Other,Tier 2,Store
224,33,161247,5.9,10,2.2,3,8,13,6,110362,98098,6,7,5,8,3,10,3,10,4,2,5,Male,Tier 3,Hybrid
225,45,219692,2.8,13,5.8,3,8,25,0,46796,110999,8,3,9,9,6,8,5,5,9,10,1,Female,Tier 1,Online
226,62,105638,1.2,14,1.7,2,8,23,10,68596,95124,6,9,9,5,6,1,7,2,6,10,4,Other,Tier 3,Hybrid
227,59,111508,11.8,5,2.3,9,8,24,14,21054,100395,10,5,8,3,3,6,7,10,10,7,2,Male,Tier 1,Hybrid
228,39,139651,4.1,11,1.9,5,10,20,12,71606,117127,6,10,9,8,7,3,3,1,3,4,5,Other,Tier 3,Hybrid
229,65,61976,2.9,7,0.8,2,8,17,1,7411,104574,9,2,2,5,10,3,2,7,5,4,4,Other,Tier 2,Online
230,46,86276,2.0,14,1.2,1,6,27,10,125321,122971,9,5,9,8,3,9,3,10,10,8,10,Female,Tier 3,Hybrid
231,58,299856,4.1,6,3.0,4,2,14,9,96387,108556,5,3,5,1,1,9,3,6,5,8,9,Male,Tier 3,Hybrid
232,49,270120,3.9,13,2.7,5,10,7,0,144210,98448,4,7,9,7,7,4,3,7,7,4,5,Male,Tier 2,Hybrid
233,58,145599,6.4,13,5.5,5,5,20,17,70970,108740,4,2,3,3,5,2,8,10,8,5,10,Female,Tier 1,Hybrid
234,38,30168,2.2,9,0.3,2,5,8,4,115428,2650,4,2,3,1,8,4,6,7,5,8,6,Female,Tier 3,Hybrid
235,68,36639,4.3,14,4.6,3,1,8,12,19213,142894,8,3,4,5,7,1,2,4,7,8,4,Other,Tier 1,Hybrid
236,30,261610,9.0,2,3.2,4,8,12,9,85189,42079,1,9,9,2,5,8,5,4,6,1,4,Male,Tier 1,Hybrid
237,58,247625,4.2,3,4.8,10,2,12,7,2840,11508,10,8,10,3,6,2,4,3,8,2,10,Female,Tier 3,Hybrid
238,21,51339,4.6,3,4.3,2,3,15,7,83531,146868,6,8,4,1,7,6,3,5,1,8,8,Other,Tier 2,Hybrid
239,52,276949,2.7,3,3.4,6,8,8,19,145864,42533,2,9,3,8,5,5,9,6,8,1,9,Female,Tier 3,Hybrid
240,29,29814,7.6,6,4.7,4,6,23,2,141784,102078,4,9,8,9,3,10,5,6,7,6,2,Male,Tier 3,Online
241,60,54959,1.0,3,1.2,1,4,3,15,50731,26387,1,10,7,8,9,10,10,5,1,6,4,Other,Tier 3,Store
242,22,26860,11.2,4,4.0,2,8,25,20,16412,95114,9,7,6,1,10,5,9,1,2,5,2,Male,Tier 3,Hybrid
243,24,73071,8.8,9,2.4,4,9,21,7,149929,47397,9,9,7,2,10,6,8,7,2,3,3,Other,Tier 2,Hybrid
244,50,196953,8.1,9,6.0,8,6,28,10,144700,85606,6,7,7,6,10,4,10,9,4,7,9,Other,Tier 2,Hybrid
245,41,257189,5.6,7,0.2,1,5,19,0,136188,35911,5,1,5,4,4,6,1,5,9,9,9,Other,Tier 3,Online
246,27,69433,0.9,6,1.1,5,6,28,18,65998,61578,5,5,2,10,7,10,4,2,6,8,3,Female,Tier 3,Hybrid
247,62,69998,7.3,5,0.4,10,7,2,1,88158,91707,7,7,2,4,10,1,7,1,5,9,1,Female,Tier 3,Hybrid
248,54,98423,4.3,12,1.5,1,7,14,19,132811,24114,4,7,5,7,3,3,6,2,8,10,1,Other,Tier 2,Hybrid
249,34,64605,5.1,7,4.7,3,3,15,17,52432,128389,7,10,4,9,10,9,4,4,2,5,7,Female,Tier 3,Hybrid
250,54,66973,1.8,7,2.7,6,4,10,11,6845,80406,3,6,10,8,10,3,8,1,4,4,6,Male,Tier 3,Hybrid
251,23,78915,9.0,4,5.7,3,5,0,10,29670,80484,8,8,1,6,4,9,4,4,9,9,5,Other,Tier 2,Hybrid
252,57,94106,8.5,11,0.3,10,9,1,8,45148,16257,5,4,10,5,1,8,1,2,7,5,6,Male,Tier 1,Hybrid
253,36,222649,3.2,7,3.1,2,6,15,19,139845,23574,3,4,9,8,9,1,1,4,9,5,6,Female,Tier 2,Hybrid
254,65,102315,0.7,11,2.2,5,4,16,8,16755,68049,7,1,9,5,4,3,6,7,3,2,7,Other,Tier 3,Hybrid
255,57,139237,5.3,10,1.1,5,10,10,14,142643,35043,4,3,10,9,4,3,5,9,3,7,3,Other,Tier 3,Hybrid
256,28,186459,1.3,9,5.7,2,3,10,4,8228,84042,7,7,5,8,5,3,4,2,3,3,1,Other,Tier 3,Hybrid
257,35,141064,7.4,4,4.2,6,2,22,15,35650,132181,10,8,6,3,7,8,8,3,3,4,4,Male,Tier 2,Hybrid
258,66,27871,11.1,7,1.5,4,4,2,5,115655,128935,6,8,4,7,7,1,10,7,6,7,10,Other,Tier 3,Hybrid
259,56,295372,7.9,12,4.8,9,2,14,14,11619,64914,9,9,7,1,9,7,9,1,4,5,8,Female,Tier 2,Hybrid
260,67,169901,5.8,7,1.9,1,9,28,4,122024,118909,2,9,2,3,10,9,3,7,7,6,8,Male,Tier 1,Online
261,47,125870,10.6,2,1.7,3,2,2,3,118307,95643,2,9,7,9,10,3,7,9,7,1,3,Female,Tier 3,Hybrid
262,60,98690,2.4,3,1.2,1,7,9,9,117483,76202,3,2,3,4,1,10,5,1,8,8,8,Other,Tier 1,Hybrid
263,56,278718,3.2,10,4.0,8,7,14,2,2223,64650,9,5,10,9,4,1,3,3,1,6,1,Male,Tier 1,Hybrid
264,60,176469,4.3,2,0.5,7,3,5,9,147871,47009,8,10,6,1,2,5,6,6,7,2,7,Other,Tier 1,Hybrid
265,36,266843,2.0,12,5.2,6,9,13,16,55509,55301,10,1,2,10,9,2,8,10,5,7,10,Female,Tier 2,Hybrid
266,51,205521,11.2,10,3.5,9,8,15,5,61506,76649,4,1,2,1,8,2,4,10,7,7,1,Female,Tier 2,Hybrid
267,53,131326,0.6,4,4.2,5,2,9,9,133325,144677,6,1,2,6,6,7,10,10,1,3,4,Female,Tier 2,Hybrid
268,61,271190,11.0,13,0.4,3,8,4,20,121248,141262,6,8,7,1,9,5,10,6,9,9,1,Male,Tier 3,Store
269,61,193916,9.7,15,4.8,2,3,8,0,89406,98867,9,3,10,10,7,3,10,2,5,6,1,Female,Tier 2,Hybrid
270,23,280599,10.6,6,2.8,5,4,16,9,46378,29920,6,1,4,2,8,9,1,8,9,3,4,Female,Tier 2,Hybrid
271,64,294531,4.1,6,1.0,2,9,21,4,54288,10082,8,7,9,2,1,5,1,10,2,6,8,Male,Tier 1,Online
272,51,183829,0.8,13,2.0,4,6,6,6,75621,73022,9,6,8,2,5,3,3,5,2,1,10,Other,Tier 3,Hybrid
273,24,128306,6.7,9,2.0,3,5,18,7,45398,19175,5,10,6,9,8,1,3,1,8,1,2,Female,Tier 1,Hybrid
274,23,243590,5.0,12,3.7,10,8,19,11,82404,87618,4,9,2,8,10,3,2,8,2,8,5,Other,Tier 3,Hybrid
275,63,264001,5.9,4,1.0,10,5,29,11,103280,48564,6,6,8,8,1,2,8,2,6,8,8,Male,Tier 2,Hybrid
276,67,202774,7.5,3,3.1,7,2,10,17,19092,79698,9,8,7,10,7,4,10,4,9,3,8,Female,Tier 1,Hybrid
277,39,129176,9.9,10,2.7,7,10,25,10,143244,62406,3,2,10,8,2,10,10,8,6,9,2,Female,Tier 1,Hybrid
278,37,232752,1.3,2,4.2,10,7,10,15,16617,24232,4,3,10,1,3,3,8,9,5,7,10,Other,Tier 2,Hybrid
279,30,127825,8.3,6,1.9,5,7,22,11,23906,2628,10,9,7,3,5,1,6,9,1,1,9,Female,Tier 1,Hybrid
280,36,36349,3.2,12,3.6,6,7,12,12,114582,143399,4,3,8,3,4,9,7,6,7,3,5,Other,Tier 1,Hybrid
281,26,26083,1.3,1,1.0,8,7,4,2,36471,109514,8,10,7,10,3,8,9,7,9,8,7,Female,Tier 1,Hybrid
282,29,242702,7.5,10,3.1,4,9,8,13,143674,96698,1,1,10,8,6,2,10,8,2,3,9,Female,Tier 2,Hybrid
283,51,61017,6.5,10,0.7,8,2,21,20,141847,82419,10,1,6,9,1,8,8,9,8,10,6,Female,Tier 2,Hybrid
284,69,174464,3.8,1,4.2,10,5,23,18,68773,16600,8,10,3,10,1,5,10,1,5,8,2,Male,Tier 3,Hybrid
285,22,165672,3.4,10,1.8,5,1,23,3,46273,40119,8,6,3,5,4,8,3,9,1,6,2,Male,Tier 3,Online
286,70,100819,10.1,13,6.0,7,4,21,14,44352,55774,10,6,1,5,2,1,3,8,7,8,5,Female,Tier 3,Hybrid
287,66,299194,3.2,11,4.3,8,5,4,16,114462,3609,5,8,7,6,9,1,2,9,6,7,10,Other,Tier 2,Store
288,39,161728,3.6,2,1.7,10,7,14,7,51598,136802,6,3,6,9,1,1,2,1,7,2,9,Male,Tier 3,Hybrid
289,46,204295,3.0,5,1.7,1,1,19,2,15411,57339,10,2,2,2,10,3,7,10,3,2,3,Female,Tier 2,Online
290,47,59696,7.8,15,6.0,7,6,8,5,19897,73189,1,7,7,6,1,5,5,3,8,2,8,Male,Tier 3,Hybrid
291,43,113555,7.9,2,1.0,7,4,19,20,28352,116257,5,2,1,2,2,10,5,8,1,8,3,Other,Tier 3,Hybrid
292,18,39836,8.1,5,1.1,6,7,18,0,135604,129128,8,7,7,2,9,4,1,7,8,2,10,Other,Tier 2,Online
293,39,178769,5.1,11,6.0,2,6,17,10,21591,120991,5,4,3,9,1,7,4,5,7,2,6,Female,Tier 1,Hybrid
294,58,249629,9.0,3,0.4,1,10,7,15,102413,17013,9,5,8,9,8,1,1,6,1,6,1,Female,Tier 1,Hybrid
295,31,294265,5.8,11,5.2,9,3,23,18,61575,19383,1,3,8,1,8,10,1,4,3,1,3,Other,Tier 1,Hybrid
296,37,71009,5.7,3,5.0,2,2,3,15,58321,17043,4,7,6,7,6,2,10,9,3,6,4,Male,Tier 3,Store
297,29,195900,1.2,5,1.0,7,3,22,11,145572,43755,8,4,10,1,3,2,10,7,3,1,8,Male,Tier 1,Hybrid
298,18,114064,11.2,12,4.0,5,7,22,15,33764,54543,3,5,9,8,7,4,3,10,1,10,3,Other,Tier 2,Hybrid
299,57,66148,7.7,13,1.9,7,1,17,7,50806,31303,9,2,10,6,9,9,4,8,4,5,1,Male,Tier 1,Hybrid
300,68,98232,8.4,15,3.0,3,3,21,1,14663,95971,5,4,7,5,6,10,8,1,2,1,9,Male,Tier 1,Online
301,68,35238,6.1,2,0.6,4,8,18,18,85951,110355,4,6,4,2,6,4,2,4,7,4,7,Male,Tier 1,Hybrid
302,48,273969,1.1,7,1.0,10,8,5,12,98406,36257,8,4,6,5,4,6,3,1,10,1,5,Male,Tier 1,Hybrid
303,47,260427,5.3,13,2.2,5,10,5,20,45047,145401,4,2,7,9,8,4,10,8,8,5,1,Other,Tier 2,Store
304,65,149317,3.4,7,3.6,10,3,29,18,1831,110016,1,1,8,9,1,7,9,7,8,2,8,Female,Tier 1,Hybrid
305,23,26513,8.5,7,5.7,3,6,9,7,24284,4675,8,5,3,8,10,10,1,8,8,3,7,Male,Tier 2,Hybrid
306,58,263424,8.6,1,5.2,2,7,28,10,139677,9075,5,7,5,10,9,10,4,2,10,6,1,Other,Tier 3,Hybrid
307,41,47033,1.8,6,2.9,1,6,11,5,146983,18065,9,4,3,6,4,9,2,8,10,4,4,Female,Tier 2,Hybrid
308,35,284013,8.3,5,0.5,6,6,14,15,131952,138566,2,8,9,9,5,8,10,6,2,4,8,Male,Tier 1,Hybrid
309,43,113748,3.8,2,0.8,5,2,22,4,130609,39952,4,9,1,5,7,9,3,8,6,7,8,Other,Tier 3,Online
310,19,172838,2.7,1,5.3,4,9,20,10,108422,90360,6,8,10,9,9,8,8,5,10,3,5,Male,Tier 2,Hybrid
311,32,273882,4.8,5,4.7,1,3,11,9,120018,44111,10,3,9,5,3,3,3,3,4,2,1,Female,Tier 3,Hybrid
312,26,251152,3.5,3,1.4,1,6,11,4,98257,118052,9,3,9,5,2,1,7,8,3,8,6,Male,Tier 1,Hybrid
313,65,286028,4.3,12,1.9,5,10,21,4,148672,116395,6,2,8,1,3,9,2,5,1,7,10,Male,Tier 2,Online
314,40,68486,4.3,10,3.9,10,9,7,8,51805,6410,2,9,8,2,9,7,4,8,6,10,10,Other,Tier 1,Hybrid
315,60,209301,5.1,12,5.2,6,7,11,0,75119,90918,6,5,8,9,2,4,8,7,8,5,3,Other,Tier 2,Hybrid
316,64,237156,2.1,10,3.7,3,4,9,15,138204,88427,2,10,7,2,1,7,5,7,3,9,8,Other,Tier 3,Hybrid
317,66,91789,2.8,14,2.4,9,8,1,9,80169,130025,9,8,4,1,1,3,5,5,8,2,5,Female,Tier 1,Hybrid
318,49,148319,0.8,13,1.8,2,10,23,11,126456,148761,7,5,8,2,6,9,10,1,5,3,10,Male,Tier 1,Hybrid
319,38,261719,10.6,3,2.3,1,5,11,13,93819,13270,5,5,9,2,9,4,3,2,10,3,9,Female,Tier 2,Hybrid
320,70,177848,3.6,12,4.2,2,9,18,11,38174,3881,3,9,5,6,8,7,6,3,2,4,3,Other,Tier 1,Hybrid
321,30,295593,10.2,12,3.4,2,7,14,2,31056,34901,1,8,6,5,6,3,8,10,9,6,3,Other,Tier 2,Hybrid
322,19,82178,3.1,14,4.2,4,5,4,6,34635,21105,7,2,2,1,8,7,1,4,2,1,9,Other,Tier 1,Hybrid
323,48,82349,10.9,1,0.6,1,2,25,3,54344,52935,3,6,1,2,3,5,10,6,6,3,9,Other,Tier 3,Online
324,33,284717,7.1,2,5.0,1,9,6,6,74387,45529,9,1,2,4,9,8,6,10,3,8,2,Male,Tier 2,Hybrid
325,42,242346,3.0,4,2.6,6,2,14,3,136743,36128,8,6,5,9,1,2,6,8,2,7,5,Female,Tier 3,Hybrid
326,65,183581,8.4,14,2.8,9,7,9,13,49988,18747,8,6,3,1,8,2,7,8,9,2,2,Male,Tier 2,Hybrid
327,43,73331,9.0,15,5.9,2,6,6,10,52997,106481,2,4,7,8,5,10,10,5,7,6,8,Other,Tier 3,Hybrid
328,43,274034,6.4,3,4.7,2,2,8,15,130857,61008,3,1,2,1,2,8,1,3,7,10,6,Male,Tier 2,Hybrid
329,57,70506,9.2,11,4.6,8,8,6,9,131021,129016,9,5,9,6,9,9,1,1,7,2,7,Female,Tier 2,Hybrid
330,42,252026,5.8,1,1.2,5,3,15,13,35755,82409,7,8,2,10,8,9,9,10,8,8,9,Male,Tier 3,Hybrid
331,21,225198,3.5,10,5.8,10,6,24,9,84512,16601,1,10,1,3,6,6,10,1,6,7,2,Female,Tier 2,Hybrid
332,40,235969,4.5,11,1.6,4,5,18,2,17670,80430,2,6,3,1,9,6,1,8,7,10,9,Female,Tier 2,Online
333,19,266258,7.3,6,2.4,7,6,18,3,128520,26729,4,6,8,9,6,3,10,5,6,7,4,Female,Tier 3,Online
334,68,59489,10.2,9,1.4,5,1,9,18,105889,59714,10,2,10,2,10,6,5,2,10,9,8,Female,Tier 1,Hybrid
335,40,60192,8.0,5,3.1,5,7,21,17,82643,52948,7,7,5,10,9,8,9,3,1,9,3,Other,Tier 2,Hybrid
336,31,264997,3.6,11,3.3,10,7,29,18,16197,137409,4,6,8,3,4,3,5,7,7,6,2,Other,Tier 1,Hybrid
337,44,159950,10.0,11,1.1,10,4,12,7,30268,39811,4,1,4,5,8,8,9,7,7,1,4,Male,Tier 2,Hybrid
338,26,35278,3.5,13,1.8,9,3,20,1,127860,5718,1,2,6,10,5,2,7,6,2,7,3,Male,Tier 1,Online
339,54,282274,11.2,9,4.1,10,9,8,15,24158,62910,10,2,6,6,10,7,4,7,4,3,2,Male,Tier 1,Hybrid
340,35,250411,5.2,14,3.6,8,9,11,3,83465,143563,7,8,4,5,3,6,8,6,5,1,10,Male,Tier 3,Hybrid
341,60,48664,8.4,13,4.1,5,9,12,9,95620,32495,9,4,8,7,1,7,5,5,2,4,5,Male,Tier 1,Hybrid
342,46,186295,10.6,13,3.9,1,5,27,2,129394,123993,7,6,7,2,3,5,9,2,6,7,10,Other,Tier 3,Online
343,65,191320,5.7,1,4.6,3,8,25,20,36175,1306,7,4,5,6,10,2,2,3,4,9,3,Other,Tier 3,Hybrid
344,44,187457,5.7,14,4.5,5,3,21,18,86373,74371,4,2,7,6,3,7,7,10,4,1,1,Other,Tier 3,Hybrid
345,57,139908,10.9,8,1.3,3,1,12,19,112934,68698,3,2,6,3,10,2,1,9,7,8,8,Male,Tier 1,Hybrid
346,63,126506,2.7,14,4.9,5,5,23,15,100658,34630,7,4,10,4,5,4,7,3,7,3,1,Female,Tier 2,Hybrid
347,33,256441,10.9,6,3.6,8,2,0,15,35418,85236,7,4,7,7,10,5,2,2,9,1,1,Female,Tier 1,Store
348,48,205756,12.0,11,5.8,10,1,0,8,132762,100360,5,7,6,3,9,1,10,3,5,3,9,Female,Tier 2,Hybrid
349,47,89163,1.5,12,3.3,3,5,3,10,12076,34020,8,5,6,7,5,5,10,5,9,6,7,Male,Tier 2,Hybrid
350,65,277569,9.3,3,3.4,8,1,6,4,14804,60756,3,1,8,5,3,8,7,2,8,1,8,Female,Tier 3,Hybrid
351,53,274384,5.8,2,5.1,3,2,11,2,53907,74979,3,3,9,5,10,10,4,10,1,9,10,Male,Tier 2,Hybrid
352,22,149057,9.3,11,0.7,6,1,9,3,103829,98426,10,2,6,3,1,2,8,8,8,5,10,Other,Tier 1,Hybrid
353,39,42988,8.0,8,2.1,10,3,6,1,74674,85217,1,2,9,10,7,2,7,5,3,4,7,Male,Tier 1,Hybrid
354,31,105427,5.0,7,1.9,3,2,9,15,113840,81791,10,3,6,2,6,9,4,8,8,7,8,Female,Tier 3,Hybrid
355,56,241810,1.5,7,4.9,10,3,13,20,112177,24865,1,9,6,8,4,3,8,9,9,2,5,Female,Tier 2,Hybrid
356,23,270405,4.0,3,4.2,5,4,16,13,77958,149538,1,9,2,1,9,2,9,7,7,2,8,Other,Tier 3,Hybrid
357,54,152844,4.6,10,0.7,9,1,3,14,47568,48264,7,1,2,7,5,6,10,8,8,10,5,Female,Tier 1,Store
358,31,117039,1.4,10,1.7,2,7,17,0,2032,104029,2,1,3,8,8,7,10,8,5,10,10,Female,Tier 3,Online
359,61,227092,9.8,2,0.9,1,4,3,0,49841,7529,4,8,3,4,7,9,4,2,5,8,3,Female,Tier 2,Hybrid
360,19,81057,2.4,3,4.5,8,8,15,0,118337,64103,4,5,10,7,1,6,1,2,7,7,8,Other,Tier 3,Hybrid
361,56,172449,0.9,7,3.0,10,10,29,15,61292,16413,9,1,7,10,6,9,2,5,7,8,2,Female,Tier 3,Hybrid
362,59,201804,5.7,7,0.3,5,4,15,11,115348,61344,9,4,10,6,10,8,3,5,7,7,6,Female,Tier 1,Hybrid
363,57,128636,3.7,12,0.7,8,3,5,6,41476,129523,2,7,8,5,4,4,9,1,1,6,5,Female,Tier 3,Hybrid
364,28,111600,10.0,15,3.1,2,6,13,3,59925,32137,9,4,8,5,6,6,1,9,5,3,9,Other,Tier 3,Hybrid
365,24,46435,11.2,8,4.8,2,2,25,19,27204,147948,1,9,2,3,2,4,6,3,5,8,9,Female,Tier 3,Hybrid
366,24,100895,7.9,6,5.0,2,4,14,13,2226,64808,8,6,5,9,3,2,5,6,7,6,4,Male,Tier 3,Hybrid
367,44,139633,2.1,7,2.6,7,8,30,16,95336,8302,8,3,1,9,2,2,6,6,7,3,7,Male,Tier 2,Hybrid
368,66,39447,8.1,11,1.1,10,1,20,16,78022,110418,7,9,5,6,6,1,5,9,10,3,7,Female,Tier 3,Hybrid
369,31,251810,8.5,15,4.9,7,4,28,9,22593,10191,9,6,7,3,9,9,5,4,2,9,9,Female,Tier 3,Hybrid
370,39,103900,0.8,15,4.8,10,5,7,9,111320,132954,2,1,6,5,9,6,2,1,2,8,5,Other,Tier 3,Hybrid
371,18,257579,4.4,4,4.9,10,10,22,20,140298,61799,6,5,5,10,3,7,9,4,2,6,9,Other,Tier 1,Hybrid
372,70,209408,5.7,3,4.3,7,2,2,1,111881,34595,8,4,8,2,6,9,7,10,9,9,7,Female,Tier 3,Hybrid
373,49,241995,12.0,12,5.6,8,7,26,5,38339,133088,3,8,8,3,9,9,2,4,8,8,1,Other,Tier 1,Online
374,53,213636,11.1,2,3.7,7,2,3,11,76414,11059,9,3,2,6,5,6,5,5,8,1,3,Male,Tier 3,Hybrid
375,44,45507,11.3,5,5.4,4,3,26,15,1046,32567,9,6,2,1,7,8,10,5,10,8,6,Female,Tier 2,Hybrid
376,64,89630,9.3,9,3.9,8,8,4,10,23913,107881,7,4,7,6,9,1,8,5,2,3,1,Other,Tier 3,Hybrid
377,68,181925,7.0,2,3.9,2,4,30,19,142538,14360,10,9,4,8,9,1,2,9,3,1,5,Male,Tier 1,Hybrid
378,63,252904,1.5,9,3.7,7,10,1,15,6598,89617,7,3,7,1,9,6,7,5,2,2,2,Other,Tier 1,Store
379,36,95515,2.6,13,0.7,5,7,21,5,15943,85773,3,1,1,5,7,2,6,3,7,6,5,Female,Tier 1,Online
380,21,126199,3.3,10,3.6,8,9,24,16,101438,30667,5,1,6,8,9,7,2,8,1,7,4,Male,Tier 2,Hybrid
381,53,73220,3.3,9,4.0,3,5,18,13,117411,22496,9,4,3,6,9,3,4,9,7,9,8,Male,Tier 1,Hybrid
382,70,263611,11.6,10,1.9,3,1,1,15,72144,66269,7,6,4,10,9,5,1,3,9,10,2,Female,Tier 1,Store
383,43,84475,10.1,12,3.4,5,7,6,19,132835,83941,6,5,8,5,4,6,6,4,8,10,6,Male,Tier 3,Hybrid
384,26,21073,7.5,1,5.4,3,7,17,15,103467,141567,2,2,9,1,8,2,6,7,10,6,7,Male,Tier 3,Hybrid
385,18,85412,5.8,15,1.3,1,4,23,0,74197,94300,4,2,10,5,4,4,8,6,1,5,8,Other,Tier 3,Online
386,56,129621,0.6,14,3.9,2,5,18,16,130002,45189,9,4,10,10,10,3,2,10,3,2,3,Female,Tier 3,Hybrid
387,32,294244,8.9,5,1.3,1,9,19,8,147331,119494,1,7,1,6,7,7,5,2,9,8,8,Female,Tier 3,Hybrid
388,66,42788,10.7,4,0.5,7,9,14,10,1852,103223,4,6,2,10,1,4,7,2,4,4,3,Female,Tier 2,Hybrid
389,22,70712,0.8,7,4.9,10,6,26,8,65289,28769,8,4,6,1,6,9,4,2,10,10,8,Male,Tier 3,Hybrid
390,46,85444,1.5,1,5.5,7,6,28,2,33932,16753,8,1,5,10,7,2,2,1,9,1,5,Female,Tier 2,Online
391,24,235538,3.2,10,4.8,10,1,14,12,122189,112725,10,10,2,6,1,8,9,6,10,4,2,Male,Tier 1,Hybrid
392,56,55412,7.3,14,1.3,10,3,20,16,67683,93663,7,8,10,8,3,4,3,1,1,3,5,Other,Tier 2,Hybrid
393,50,207560,4.1,15,3.3,3,3,15,9,90389,76800,6,1,9,10,3,1,4,9,9,1,7,Female,Tier 1,Hybrid
394,30,125518,9.5,6,1.3,8,8,19,10,148898,88491,10,5,7,6,3,2,8,1,8,4,1,Other,Tier 1,Hybrid
395,62,140729,5.9,4,1.6,6,7,6,12,48798,2263,6,1,2,6,1,9,2,3,5,8,4,Other,Tier 3,Hybrid
396,66,208696,1.0,1,1.4,5,3,7,8,46187,89581,9,4,3,4,1,3,5,2,1,3,7,Other,Tier 1,Hybrid
397,39,130224,4.0,4,2.3,6,3,30,16,114196,17638,2,3,3,4,4,9,7,6,6,10,7,Other,Tier 1,Hybrid
398,20,119143,10.3,5,4.8,6,4,1,20,73919,33650,9,10,8,4,2,8,10,2,3,9,7,Other,Tier 3,Store
399,41,281403,6.5,3,2.1,6,9,22,15,130206,124692,5,10,7,10,1,4,4,4,8,4,7,Male,Tier 2,Hybrid
400,45,217700,7.1,15,5.1,5,9,2,4,22527,77845,8,9,6,4,10,1,8,9,10,6,7,Female,Tier 2,Hybrid
401,45,234409,4.7,8,2.0,7,1,5,14,61786,70131,2,6,2,5,9,9,9,2,5,4,2,Male,Tier 1,Store
402,41,40070,6.8,6,1.3,6,5,9,8,50475,36640,9,5,1,5,5,6,7,7,10,1,8,Other,Tier 3,Hybrid
403,66,98266,10.5,4,1.5,4,8,7,16,145364,123376,8,6,2,6,4,7,7,4,8,8,9,Male,Tier 2,Hybrid
404,26,87290,4.0,12,0.3,6,6,7,13,112099,106240,9,5,6,10,1,10,1,3,3,6,10,Other,Tier 3,Hybrid
405,56,224936,11.8,4,5.7,2,9,12,6,124960,28978,6,10,8,5,2,3,2,9,3,1,10,Female,Tier 1,Hybrid
406,29,124332,1.3,7,1.8,4,5,21,16,18844,119687,1,6,9,1,3,6,7,7,3,2,3,Other,Tier 2,Hybrid
407,48,56051,5.0,15,5.2,3,4,9,13,124960,42123,10,10,5,10,4,9,8,5,4,1,3,Female,Tier 1,Hybrid
408,70,229315,7.5,4,3.2,10,8,14,14,10745,24382,5,8,6,5,7,10,3,7,4,3,10,Other,Tier 2,Hybrid
409,47,221675,11.0,3,4.3,2,7,22,1,63334,41900,5,9,5,2,4,8,7,9,2,6,2,Male,Tier 3,Online
410,67,190924,5.2,3,1.7,9,1,14,0,19687,121585,7,6,7,4,7,1,1,5,2,3,6,Other,Tier 3,Hybrid
411,47,274153,5.8,2,3.4,4,8,4,15,73675,42801,3,1,10,2,3,5,2,9,7,3,2,Other,Tier 1,Store
412,61,163262,2.3,6,1.2,1,9,6,14,13018,137568,2,7,5,8,1,10,1,1,7,4,4,Female,Tier 1,Hybrid
413,30,67912,0.7,1,5.9,6,4,21,2,58320,25823,3,3,1,7,9,2,6,6,9,4,10,Male,Tier 3,Online
414,43,244332,1.9,4,0.8,6,3,0,12,83400,3640,7,4,8,4,2,5,10,6,1,2,4,Female,Tier 2,Hybrid
415,67,281921,11.8,2,4.3,10,3,8,3,85527,102360,3,6,3,6,8,2,6,1,10,10,8,Female,Tier 3,Hybrid
416,58,141857,6.3,12,5.9,4,1,19,3,81462,62469,7,4,10,2,1,3,6,8,5,4,3,Female,Tier 1,Online
417,59,39874,3.2,12,3.7,8,6,4,8,83740,10882,9,7,5,1,4,6,6,4,4,9,1,Other,Tier 1,Hybrid
418,69,136624,7.5,7,3.2,3,8,20,0,17438,129381,2,4,1,3,4,3,2,3,10,9,4,Male,Tier 3,Online
419,23,243472,8.8,5,1.2,4,4,13,5,65765,79956,5,10,8,4,5,8,2,6,7,7,3,Female,Tier 2,Hybrid
420,45,284918,7.5,7,4.6,8,1,24,12,112539,22318,5,10,9,3,9,3,5,7,8,5,8,Female,Tier 2,Hybrid
421,53,272100,1.3,3,4.3,4,3,29,6,1595,3864,9,6,8,7,7,7,6,7,8,5,10,Male,Tier 2,Hybrid
422,20,85262,4.9,10,1.1,7,5,24,11,134090,128589,6,1,7,7,4,4,8,1,6,1,3,Female,Tier 3,Hybrid
423,47,97262,3.4,10,3.6,3,1,3,2,101254,104745,10,2,9,4,7,3,7,5,5,9,9,Other,Tier 2,Hybrid
424,55,181469,8.9,13,5.3,2,2,20,18,90780,37911,5,4,7,5,1,3,8,1,2,2,7,Other,Tier 2,Hybrid
425,59,171173,8.9,3,1.2,3,3,6,15,48206,132257,2,8,10,4,3,4,1,3,4,5,7,Female,Tier 3,Hybrid
426,57,77249,10.5,3,0.7,2,7,3,8,17346,90193,1,10,4,8,8,2,1,1,5,1,10,Male,Tier 1,Hybrid
427,31,293853,9.6,7,3.7,5,8,15,10,113078,88724,6,6,6,4,6,7,7,10,1,6,6,Male,Tier 1,Hybrid
428,47,230663,8.8,15,5.6,1,10,3,16,73760,65652,6,8,10,8,9,7,4,1,6,1,6,Male,Tier 3,Store
429,38,252944,3.2,8,2.5,10,2,11,13,125312,26833,7,5,10,4,3,9,10,9,1,3,8,Male,Tier 2,Hybrid
430,61,264739,2.4,8,5.7,8,9,7,7,55980,45177,2,2,7,1,3,6,7,5,4,5,8,Other,Tier 1,Hybrid
431,60,91175,11.1,11,4.4,2,6,27,7,17452,90474,7,7,9,7,4,4,5,2,5,2,2,Male,Tier 2,Hybrid
432,65,118648,9.1,2,3.5,3,6,30,12,940,81974,1,10,9,4,7,7,6,6,3,9,10,Other,Tier 1,Hybrid
433,24,227257,0.6,14,2.9,3,5,26,7,131528,119981,3,10,5,3,1,10,6,5,9,2,5,Other,Tier 3,Hybrid
434,48,133091,6.2,12,5.8,1,6,4,6,59501,14279,3,8,7,5,3,1,9,7,6,7,8,Female,Tier 2,Hybrid
435,43,57656,6.6,5,1.8,4,9,12,3,34814,85282,10,1,5,8,3,10,3,8,8,5,3,Male,Tier 1,Hybrid
436,69,122579,9.0,1,2.3,10,2,21,4,99211,112464,3,1,2,6,8,3,1,2,9,6,10,Female,Tier 1,Online
437,58,231809,3.3,2,1.6,8,5,22,19,45716,98901,2,8,7,5,8,6,1,2,2,2,2,Female,Tier 3,Hybrid
438,60,287255,3.1,10,3.5,10,8,8,3,47973,101152,8,7,5,10,3,2,6,2,9,3,7,Other,Tier 1,Hybrid
439,43,297918,6.1,9,5.1,9,2,24,6,31256,47860,10,3,1,9,8,6,2,1,3,10,4,Other,Tier 1,Hybrid
440,23,154616,10.3,1,0.7,2,9,9,11,143218,45484,7,1,4,5,1,9,5,9,8,3,10,Female,Tier 3,Hybrid
441,38,294027,11.0,6,3.7,9,4,22,3,12227,62654,1,4,3,5,4,3,10,9,4,10,6,Female,Tier 1,Online
442,64,241257,1.4,5,1.7,3,7,14,2,67131,112001,3,9,4,2,5,4,6,10,9,10,3,Female,Tier 1,Hybrid
443,38,247345,4.9,10,1.6,5,2,17,3,144251,107135,2,6,2,6,6,5,3,4,5,1,2,Female,Tier 1,Online
444,42,75051,9.5,2,1.2,5,10,26,15,25545,139163,6,10,5,9,5,10,2,1,3,6,7,Male,Tier 2,Hybrid
445,69,298754,6.8,15,5.1,8,10,4,8,2989,135128,3,3,3,7,10,5,1,6,4,10,7,Other,Tier 2,Hybrid
446,29,250141,11.8,13,2.9,5,5,30,13,136970,60469,5,2,5,7,6,2,2,2,4,2,3,Other,Tier 1,Hybrid
447,23,169868,6.9,8,4.9,1,7,21,16,36263,126238,8,9,9,2,7,1,10,4,1,7,9,Other,Tier 2,Hybrid
448,33,296882,8.4,1,3.7,3,9,28,7,46326,20192,6,3,9,6,1,7,8,7,3,6,2,Female,Tier 3,Hybrid
449,33,81795,3.8,8,1.9,4,1,23,20,149618,103685,4,5,9,1,8,10,8,1,6,1,10,Female,Tier 2,Hybrid
450,37,205541,1.7,6,5.4,3,7,11,0,27065,113432,8,4,2,9,9,3,7,2,8,1,3,Other,Tier 2,Hybrid
451,32,266781,5.0,5,2.3,3,9,25,8,28993,115469,8,3,3,6,7,1,6,4,2,4,5,Male,Tier 1,Hybrid
452,43,240754,9.1,15,0.4,4,8,30,8,31640,110887,8,9,8,3,6,7,9,7,3,2,2,Male,Tier 1,Hybrid
453,27,200418,6.3,13,4.2,1,6,13,19,2604,114356,8,5,5,8,2,7,4,10,3,9,3,Male,Tier 2,Hybrid
454,67,80303,10.4,12,1.6,7,4,15,3,132183,47997,4,10,3,4,2,3,7,1,5,4,3,Female,Tier 1,Hybrid
455,57,124670,1.5,1,2.4,9,5,22,20,61167,58637,6,7,8,1,9,7,1,5,2,5,6,Female,Tier 2,Hybrid
456,63,239191,3.3,15,0.5,1,1,1,10,56068,75294,8,5,10,2,7,3,5,8,6,6,5,Male,Tier 1,Hybrid
457,60,27162,8.4,13,5.2,6,6,23,11,139138,97910,4,5,4,10,7,2,2,3,10,2,1,Other,Tier 3,Hybrid
458,70,119842,2.7,8,5.6,2,9,19,10,79530,124808,4,9,3,1,3,4,7,9,5,9,6,Female,Tier 2,Hybrid
459,58,81566,11.0,2,3.0,9,9,25,0,44261,72366,3,5,1,10,1,4,7,8,9,9,2,Male,Tier 2,Online
460,66,287008,4.9,13,2.5,10,5,6,5,1443,42443,10,4,10,1,9,8,9,9,5,5,4,Female,Tier 3,Hybrid
461,35,82444,2.5,1,3.3,5,1,20,4,73312,35357,5,1,4,4,9,2,1,6,10,6,6,Male,Tier 3,Online
462,53,158432,8.8,7,5.4,5,6,1,20,3228,93687,4,5,3,5,1,9,10,2,7,5,10,Other,Tier 1,Store
463,70,251832,3.0,5,1.4,7,3,14,7,114245,97136,3,8,2,8,3,8,3,3,4,10,8,Other,Tier 1,Hybrid
464,59,167872,0.7,3,5.3,7,10,6,2,38123,19387,7,4,8,7,2,9,3,1,10,2,7,Female,Tier 1,Hybrid
465,25,27105,9.3,11,5.6,3,4,24,2,70664,37891,10,1,1,2,9,6,2,4,3,8,10,Female,Tier 1,Online
466,37,193935,6.0,4,0.5,5,9,3,0,12172,27452,9,5,2,9,7,3,1,4,1,4,7,Female,Tier 1,Hybrid
467,40,170390,3.1,15,4.2,2,8,5,3,59357,27169,5,6,2,10,6,2,6,2,1,10,3,Male,Tier 2,Hybrid
468,51,195554,7.4,11,2.7,5,10,26,9,91827,27742,5,8,6,5,2,1,3,3,6,3,7,Female,Tier 3,Hybrid
469,68,270836,9.9,2,3.6,5,3,2,10,33932,48176,7,6,6,8,7,8,7,10,6,3,4,Female,Tier 2,Hybrid
470,53,280624,6.7,8,3.3,4,7,2,18,111083,138635,10,4,2,4,6,1,4,1,6,9,8,Male,Tier 1,Store
471,21,203158,4.6,14,5.2,3,5,14,4,145072,110882,4,4,4,1,3,2,3,7,1,7,6,Male,Tier 3,Hybrid
472,24,58676,6.0,10,5.2,1,3,11,4,21207,64737,2,1,10,7,3,3,8,3,9,5,8,Female,Tier 3,Hybrid
473,39,252770,9.5,12,0.3,2,3,1,20,8919,46003,9,3,1,7,7,8,9,5,10,9,5,Other,Tier 1,Store
474,45,102208,3.6,2,3.2,3,4,12,19,15179,57885,7,3,9,10,2,8,8,6,7,7,3,Male,Tier 2,Hybrid
475,59,242414,2.7,2,0.8,6,10,24,10,7852,63291,5,3,9,2,2,4,10,1,5,4,9,Male,Tier 3,Hybrid
476,20,146004,3.6,10,3.5,10,8,1,1,82965,24934,5,1,6,5,7,9,4,6,7,6,3,Other,Tier 3,Hybrid
477,24,193706,5.2,12,3.1,9,3,0,18,100668,125530,10,1,5,3,3,8,2,2,4,4,3,Other,Tier 1,Store
478,50,290690,11.9,10,4.0,6,8,25,4,89372,76742,6,10,7,1,7,4,4,10,10,2,3,Other,Tier 3,Online
479,49,71068,9.8,3,4.6,5,9,27,2,131286,25171,8,6,3,5,3,2,5,10,6,6,2,Male,Tier 1,Online
480,63,261561,3.5,8,5.9,8,3,30,3,149590,128494,1,6,5,7,7,10,3,8,6,9,10,Female,Tier 2,Online
481,23,236632,6.3,5,5.3,1,10,20,1,64677,147510,1,3,2,5,7,3,10,7,2,4,7,Female,Tier 3,Online
482,23,202943,5.9,11,3.3,8,2,2,5,28902,104556,7,4,7,6,2,6,6,10,8,4,8,Male,Tier 2,Hybrid
483,47,40070,6.8,8,1.0,4,6,18,1,100189,16857,6,7,8,4,1,4,1,7,5,5,3,Male,Tier 1,Online
484,22,163605,5.2,5,5.3,8,7,16,6,68512,48755,1,2,7,6,5,3,4,6,7,8,8,Other,Tier 3,Hybrid
485,68,104247,11.6,7,2.3,10,7,26,0,147538,52551,2,10,10,3,6,6,1,3,8,3,8,Female,Tier 1,Online
486,68,233063,3.5,12,0.2,8,3,20,14,26044,10064,4,4,7,9,3,10,7,4,6,4,4,Other,Tier 3,Hybrid
487,18,214120,9.9,1,2.0,5,9,26,3,131344,120037,7,7,6,6,9,7,9,6,2,3,8,Female,Tier 2,Online
488,29,105279,6.7,7,1.9,7,5,22,19,26511,23469,2,2,1,10,7,2,8,10,9,2,8,Other,Tier 3,Hybrid
489,69,37110,8.2,14,2.6,4,8,17,12,30515,51764,8,2,6,8,7,7,1,6,4,9,5,Female,Tier 3,Hybrid
490,34,181164,10.1,13,5.5,4,1,28,13,9065,4571,1,3,6,9,10,6,6,3,10,7,4,Other,Tier 2,Hybrid
491,30,226211,10.0,13,5.6,7,3,30,20,102844,46038,7,6,9,3,7,4,2,3,9,2,10,Female,Tier 3,Hybrid
492,34,103389,11.4,4,0.7,1,7,0,20,40620,7792,10,9,2,10,7,1,3,8,6,3,4,Other,Tier 1,Store
493,37,121622,6.7,4,4.4,7,5,21,1,72580,22248,3,1,10,2,2,8,10,2,2,3,5,Female,Tier 1,Online
494,23,60570,6.2,6,5.5,4,7,3,15,6255,108960,2,8,2,4,7,7,6,8,3,3,5,Male,Tier 1,Store
495,60,36489,1.8,6,6.0,8,10,19,17,1814,42020,9,5,2,4,10,1,9,1,9,9,3,Male,Tier 2,Hybrid
496,25,133748,0.8,3,1.5,3,5,8,15,52728,24609,6,9,5,8,8,7,9,7,4,5,3,Male,Tier 3,Hybrid
497,63,167368,11.6,2,3.6,10,5,5,6,128382,114131,8,7,10,5,6,10,2,10,7,7,4,Other,Tier 2,Hybrid
498,41,53694,5.7,15,0.4,9,5,18,13,77432,139566,6,7,1,2,3,6,7,3,6,4,2,Male,Tier 3,Hybrid
499,41,215016,2.2,6,0.9,6,1,22,10,56539,122495,10,6,4,9,2,7,5,10,4,9,4,Male,Tier 3,Hybrid
500,35,59229,7.1,11,2.6,7,6,26,10,52443,52174,1,8,8,1,5,7,2,2,8,3,10,Female,Tier 3,Hybrid
501,42,143953,7.1,5,0.3,10,1,29,14,75044,34856,7,1,9,9,1,6,1,2,8,2,7,Other,Tier 2,Hybrid
502,35,186298,9.2,7,0.7,6,8,19,1,103608,78735,8,8,2,6,10,2,1,4,1,1,3,Male,Tier 2,Online
503,62,248423,3.1,2,1.3,6,9,0,1,68575,11792,2,1,5,2,5,6,10,7,5,3,3,Other,Tier 2,Hybrid
504,25,86211,4.2,3,4.6,7,8,21,3,137277,138804,4,10,8,8,5,6,8,4,2,5,5,Other,Tier 1,Online
505,40,147074,8.1,12,5.2,2,2,15,1,56199,3941,4,8,7,4,8,2,6,4,10,9,9,Female,Tier 2,Hybrid
506,63,258038,8.0,14,3.1,3,4,29,11,101576,119102,10,9,4,7,4,2,5,7,3,5,10,Other,Tier 1,Hybrid
507,27,261672,10.6,12,0.8,1,8,5,8,7993,125343,9,8,6,5,2,9,2,6,7,4,3,Female,Tier 3,Hybrid
508,45,286299,4.3,8,1.8,2,1,20,12,111279,51338,5,4,7,3,10,5,9,10,8,9,7,Male,Tier 3,Hybrid
509,21,150518,11.5,4,0.9,1,10,8,7,17761,139995,2,5,4,10,7,7,7,2,4,5,8,Male,Tier 1,Hybrid
510,68,126732,4.5,5,4.3,5,1,3,5,132421,125479,5,4,3,6,2,3,3,6,8,3,1,Other,Tier 2,Hybrid
511,45,195140,0.7,5,5.3,3,1,19,11,124711,763,8,4,8,2,1,1,10,5,4,9,9,Male,Tier 1,Hybrid
512,67,69235,1.6,13,4.5,8,8,23,11,143555,67960,8,5,6,8,1,6,5,6,9,10,8,Male,Tier 2,Hybrid
513,61,292267,8.9,1,1.1,7,4,21,4,94136,131003,1,4,10,7,6,4,2,4,7,2,5,Other,Tier 3,Online
514,52,255546,11.9,15,3.3,5,6,28,10,103005,109891,5,5,4,1,10,9,6,10,2,7,8,Other,Tier 2,Hybrid
515,36,77771,11.6,8,5.6,3,8,21,4,137650,76464,10,9,3,5,8,5,2,5,1,8,1,Male,Tier 2,Online
516,70,84715,1.1,5,0.2,6,1,1,8,36602,92307,5,9,9,3,2,5,3,4,7,10,2,Female,Tier 1,Hybrid
517,20,268081,11.2,4,4.9,7,7,12,3,68987,79673,10,5,3,10,7,6,10,3,4,5,3,Female,Tier 3,Hybrid
518,30,177843,4.0,5,3.5,8,9,5,12,115028,25676,3,9,8,6,9,6,8,6,7,8,7,Female,Tier 2,Hybrid
519,19,33852,11.5,7,0.7,3,10,29,9,64108,134771,6,3,10,9,10,5,1,7,3,7,1,Female,Tier 3,Hybrid
520,47,48493,1.5,5,5.0,2,6,19,3,76672,148727,8,6,1,2,10,9,1,4,9,3,9,Other,Tier 2,Online
521,26,137201,10.8,11,5.1,5,5,23,0,127628,53112,2,2,1,3,10,2,9,2,4,4,2,Female,Tier 1,Online
522,50,252687,5.0,15,0.9,7,8,5,7,143819,68728,10,8,10,2,7,3,1,3,3,4,3,Other,Tier 3,Hybrid
523,62,125041,6.0,5,1.9,2,10,15,11,72637,103047,7,2,8,7,7,3,1,5,8,2,10,Female,Tier 1,Hybrid
524,55,178734,0.9,11,5.4,10,8,1,11,37017,123159,8,5,1,3,6,9,9,4,6,9,7,Other,Tier 1,Hybrid
525,29,99378,4.5,12,3.5,8,3,8,9,103766,18380,8,7,8,10,3,10,9,9,5,3,6,Other,Tier 3,Hybrid
526,40,231693,1.3,1,5.1,3,4,3,3,131423,125388,6,4,4,2,3,7,7,2,1,10,5,Male,Tier 1,Hybrid
527,65,58210,5.6,6,3.7,1,3,10,3,118336,99493,3,10,9,4,4,5,8,8,5,4,4,Other,Tier 1,Hybrid
528,45,297101,9.8,4,0.7,1,2,6,1,37347,1872,6,7,10,9,2,6,3,9,8,4,4,Other,Tier 2,Hybrid
529,50,204604,4.6,15,3.4,3,2,14,13,99097,19077,10,2,3,9,5,2,2,8,4,1,10,Other,Tier 2,Hybrid
530,19,137451,9.9,5,5.5,5,7,22,11,18313,41882,5,2,9,10,4,9,10,9,5,7,10,Male,Tier 3,Hybrid
531,62,78130,7.2,15,5.5,5,1,1,10,110968,68888,4,6,1,3,4,9,6,1,4,8,2,Other,Tier 3,Hybrid
532,62,38539,4.5,2,5.7,10,10,29,2,145052,126007,3,5,1,2,1,8,9,4,6,7,8,Female,Tier 1,Online
533,19,49022,0.8,13,4.9,9,10,27,12,5243,145333,8,1,7,7,3,7,7,9,3,2,8,Male,Tier 3,Hybrid
534,41,204438,2.7,7,5.5,4,4,2,18,3134,60039,7,9,10,1,1,4,1,2,1,3,8,Male,Tier 2,Store
535,20,184692,4.5,11,5.4,5,3,19,12,125988,32580,2,2,5,9,4,8,6,4,8,5,6,Other,Tier 2,Hybrid
536,59,148034,6.6,5,2.0,9,9,3,1,91368,108197,10,8,5,2,4,3,9,4,5,9,4,Male,Tier 2,Hybrid
537,64,94428,0.9,4,4.3,8,2,0,15,9348,71357,5,10,7,5,2,1,5,10,7,8,1,Female,Tier 2,Store
538,46,43286,3.1,7,1.3,7,9,1,9,8706,142463,6,1,10,6,5,10,4,1,6,10,7,Female,Tier 3,Hybrid
539,65,49946,9.8,9,2.5,5,9,14,13,149477,136529,5,3,7,8,4,3,1,5,5,2,4,Other,Tier 2,Hybrid
540,39,226884,0.9,5,2.3,5,10,0,3,80950,149513,6,5,3,8,8,1,8,1,8,1,6,Female,Tier 3,Hybrid
541,53,134212,5.2,10,5.6,5,10,17,10,17288,115958,3,5,5,5,8,3,4,3,3,10,1,Male,Tier 1,Hybrid
542,59,40186,2.6,9,5.2,10,6,1,17,60256,16441,5,5,1,6,9,1,10,4,6,2,2,Other,Tier 2,Store
543,25,287929,1.4,4,2.1,6,7,2,20,112297,74708,3,1,6,10,6,6,7,6,8,5,10,Male,Tier 1,Store
544,41,43388,3.8,3,5.5,1,2,19,6,82578,134402,9,10,6,4,7,10,1,3,7,2,2,Male,Tier 3,Hybrid
545,50,239194,6.7,2,5.1,9,1,19,15,137980,136902,8,6,5,4,10,5,4,6,4,6,4,Female,Tier 2,Hybrid
546,65,80511,8.5,8,4.5,7,6,2,11,147420,133051,2,6,8,10,4,8,7,4,10,3,9,Male,Tier 2,Hybrid
547,61,92425,7.5,13,1.9,6,2,2,13,110868,132889,3,10,8,4,3,8,1,3,2,7,5,Other,Tier 3,Store
548,48,72950,2.0,1,5.0,1,3,2,4,135477,139255,7,7,6,3,7,9,4,5,2,6,6,Other,Tier 3,Hybrid
549,57,76503,11.9,1,0.6,6,8,29,13,118400,114713,5,8,3,3,10,9,2,3,1,10,10,Female,Tier 3,Hybrid
550,59,257778,4.9,8,1.2,10,5,30,3,61386,78448,8,6,1,10,9,9,10,9,7,5,6,Female,Tier 2,Online
551,66,113541,11.5,1,4.9,4,7,16,8,82909,26574,6,5,3,2,5,5,8,8,4,3,5,Female,Tier 3,Hybrid
552,66,75637,11.1,11,1.8,2,4,17,16,44763,7669,10,1,9,9,4,1,8,1,6,4,5,Other,Tier 2,Hybrid
553,64,253216,6.5,14,2.8,2,2,14,13,129803,69458,2,3,5,2,6,2,4,2,6,3,9,Female,Tier 2,Hybrid
554,47,288878,8.2,2,4.3,6,1,13,3,137154,83737,4,9,1,1,4,3,10,7,4,4,5,Female,Tier 1,Hybrid
555,49,118096,8.9,5,1.0,2,9,27,6,1338,114354,2,8,9,10,4,3,1,7,5,10,7,Other,Tier 3,Hybrid
556,33,202821,6.1,11,5.7,5,4,28,9,127655,129008,7,10,6,9,8,5,2,4,2,5,7,Female,Tier 2,Hybrid
557,33,242751,1.8,8,5.7,2,6,22,12,34069,127309,8,10,7,4,1,5,5,9,4,7,1,Other,Tier 2,Hybrid
558,34,186523,5.2,13,2.8,7,5,29,1,70837,127772,4,6,1,5,8,7,4,10,3,9,4,Other,Tier 1,Online
559,57,192849,2.0,9,0.3,1,7,2,10,92958,145437,2,1,9,4,6,9,4,3,9,7,4,Female,Tier 1,Hybrid
560,41,193802,5.3,9,4.5,1,1,27,0,138533,27375,9,7,8,1,3,5,5,1,4,4,1,Female,Tier 3,Online
561,25,218105,8.0,3,4.9,5,2,2,2,132754,109389,1,1,9,10,3,2,10,7,4,10,5,Female,Tier 2,Hybrid
562,50,32285,4.0,8,1.4,5,10,15,12,76846,113099,2,4,7,9,5,8,5,9,9,4,7,Male,Tier 2,Hybrid
563,64,226383,11.4,13,3.4,2,8,7,18,7025,104662,4,8,6,8,10,2,5,6,3,2,2,Other,Tier 1,Hybrid
564,31,276802,7.3,2,1.0,10,8,16,18,61430,15948,8,5,7,5,6,3,1,6,10,10,7,Male,Tier 2,Hybrid
565,62,129693,9.2,13,3.0,8,6,30,20,62297,84867,8,8,9,9,2,2,7,2,7,3,1,Male,Tier 3,Hybrid
566,65,83689,2.4,8,5.2,2,1,28,13,130309,45253,9,8,3,9,7,7,1,5,2,7,5,Other,Tier 3,Hybrid
567,35,293930,4.2,15,2.4,3,3,9,16,54098,97821,9,10,5,8,8,4,6,3,3,9,8,Male,Tier 2,Hybrid
568,44,113965,2.2,2,6.0,1,5,22,6,52736,25101,9,8,6,2,1,10,8,10,3,2,6,Other,Tier 3,Hybrid
569,32,200857,7.7,15,1.3,5,7,18,9,96778,106214,5,9,9,4,2,10,3,2,4,5,3,Female,Tier 3,Hybrid
570,24,86429,9.7,10,3.9,7,6,18,18,73176,124600,4,3,1,4,4,2,10,3,3,3,8,Male,Tier 2,Hybrid
571,22,47362,2.1,13,2.8,8,6,9,16,31248,63617,9,7,7,7,8,6,5,9,6,9,2,Other,Tier 1,Hybrid
572,28,165614,8.7,14,2.7,8,8,22,8,32020,146751,7,6,3,1,6,8,6,7,4,10,9,Male,Tier 2,Hybrid
573,41,113850,11.2,1,1.3,6,9,6,0,81867,86601,2,6,5,9,1,10,5,1,5,8,7,Male,Tier 3,Hybrid
574,63,152664,3.7,1,5.8,1,8,19,20,119639,129029,3,8,9,2,1,6,1,10,3,3,3,Male,Tier 2,Hybrid
575,25,49385,5.6,12,0.6,2,9,8,6,4871,87706,6,3,10,6,9,1,7,7,1,2,4,Other,Tier 1,Hybrid
576,64,159794,1.5,8,0.5,10,4,22,16,107782,45842,1,5,5,9,6,2,6,8,10,2,10,Female,Tier 1,Hybrid
577,25,67480,2.6,2,1.3,10,1,24,5,3236,57523,6,8,2,4,5,4,3,5,1,7,5,Male,Tier 2,Online
578,26,185434,5.3,14,1.3,4,3,9,8,115738,69848,2,8,6,10,6,6,9,8,3,1,10,Female,Tier 1,Hybrid
579,52,130447,11.9,7,2.2,5,4,10,16,145101,71003,2,9,4,5,4,8,5,1,2,9,3,Female,Tier 1,Hybrid
580,47,189340,4.8,7,4.0,1,6,22,3,94579,2570,3,7,8,6,6,2,3,6,5,3,8,Other,Tier 1,Online
581,66,31403,5.5,10,2.8,10,7,23,12,124644,64355,5,6,10,6,8,7,5,1,4,9,2,Female,Tier 2,Hybrid
582,67,161222,11.5,7,3.6,3,9,5,9,137885,52525,10,3,3,6,1,2,5,3,6,8,7,Male,Tier 2,Hybrid
583,18,97327,2.8,3,1.9,2,3,7,6,114938,24136,4,3,9,6,1,8,3,6,2,8,9,Other,Tier 2,Hybrid
584,62,131406,11.0,11,2.4,8,4,24,3,102100,34186,6,3,7,6,5,7,10,7,9,2,6,Female,Tier 3,Online
585,65,34101,3.0,10,1.2,4,6,11,10,131953,917,10,10,7,2,4,3,8,4,1,4,5,Female,Tier 1,Hybrid
586,39,221361,8.0,7,1.1,5,7,21,15,9629,68924,7,3,3,7,9,2,8,2,6,2,7,Male,Tier 1,Hybrid
587,38,87496,7.1,7,4.2,1,8,20,12,111244,14789,5,7,5,2,10,8,9,6,8,6,9,Female,Tier 1,Hybrid
588,68,113763,11.8,9,4.6,2,3,0,10,68090,52303,9,10,8,7,1,8,5,1,2,8,8,Female,Tier 1,Hybrid
589,56,213617,3.4,6,4.1,1,9,8,5,77371,94055,7,1,8,6,5,1,10,2,6,1,9,Other,Tier 2,Hybrid
590,33,111872,1.5,2,0.9,3,8,13,8,91040,120570,10,4,9,10,8,1,2,6,6,1,3,Other,Tier 3,Hybrid
591,58,73017,4.9,12,0.7,5,7,12,0,48716,67833,2,7,2,4,10,5,5,10,9,9,4,Other,Tier 1,Hybrid
592,41,267945,3.0,15,2.7,3,5,16,1,105009,48016,5,5,1,7,4,1,7,3,5,5,8,Other,Tier 3,Online
593,38,70933,3.0,1,4.3,4,2,19,9,121255,110800,10,6,9,7,8,9,1,6,6,6,6,Female,Tier 1,Hybrid
594,47,281606,2.9,12,1.2,7,5,12,1,21106,128043,9,6,2,4,9,6,5,5,6,8,8,Male,Tier 1,Hybrid
595,57,107416,7.7,10,2.7,1,5,17,15,62030,98878,9,3,7,10,2,2,7,4,4,2,10,Female,Tier 1,Hybrid
596,28,230300,6.8,6,4.6,7,10,8,10,95704,28192,6,9,9,9,7,4,7,8,8,5,8,Male,Tier 1,Hybrid
597,43,171208,0.5,14,2.1,8,3,21,3,100993,110102,7,7,4,1,10,4,3,10,10,9,2,Other,Tier 3,Online
598,64,234315,11.4,6,3.7,3,10,20,15,24346,97570,1,10,7,9,9,4,3,8,6,4,3,Female,Tier 3,Hybrid
599,30,189200,2.0,2,5.4,4,10,14,14,64737,116801,4,3,8,9,2,10,6,3,4,8,2,Male,Tier 3,Hybrid
600,20,233042,10.5,8,5.2,2,7,30,8,141360,32214,10,9,1,8,8,1,5,7,1,6,7,Other,Tier 3,Hybrid
601,58,250710,5.4,2,0.8,5,10,24,3,44790,96566,7,6,3,4,8,4,5,2,6,2,8,Other,Tier 2,Online
602,66,148308,9.2,6,1.9,8,6,25,14,68112,149458,5,10,1,3,3,9,5,1,4,6,10,Female,Tier 3,Hybrid
603,36,180779,11.4,3,3.5,5,8,22,14,77800,40985,3,3,10,5,7,5,4,1,4,10,5,Male,Tier 3,Hybrid
604,18,156011,4.7,9,4.5,9,7,15,19,45171,90733,3,10,9,6,9,6,7,8,3,9,8,Male,Tier 2,Hybrid
605,42,27461,8.2,2,2.2,5,4,7,4,73458,31850,4,6,8,8,10,1,9,4,4,6,1,Female,Tier 3,Hybrid
606,24,192760,6.3,5,3.4,9,9,27,2,15173,117582,10,9,4,4,5,3,4,4,8,3,1,Other,Tier 2,Online
607,53,165477,1.6,4,4.5,2,3,16,9,16455,54955,4,4,10,10,8,8,2,9,1,6,2,Male,Tier 2,Hybrid
608,25,251681,1.5,4,0.8,10,4,19,15,79132,149746,1,10,7,2,8,4,10,10,8,1,5,Female,Tier 3,Hybrid
609,35,278266,7.8,6,3.1,9,5,30,20,79048,69758,9,4,6,5,9,9,5,8,2,3,8,Male,Tier 2,Hybrid
610,50,266680,6.2,3,0.6,7,5,3,14,90266,141688,3,4,2,4,4,5,9,5,6,9,8,Male,Tier 3,Store
611,37,130253,7.1,3,2.1,4,7,25,5,41903,41691,6,9,8,10,7,5,4,5,8,5,6,Male,Tier 2,Online
612,39,205563,10.0,6,2.8,7,10,12,13,1987,106427,1,7,6,3,8,5,1,4,4,5,5,Female,Tier 1,Hybrid
613,38,244132,9.6,6,3.4,4,4,19,16,115870,72317,2,2,4,3,6,8,10,8,1,7,8,Male,Tier 2,Hybrid
614,56,216617,1.2,1,3.9,5,9,11,14,75010,29606,8,3,2,6,7,3,3,10,5,10,4,Other,Tier 1,Hybrid
615,46,148569,4.3,9,4.6,5,9,16,9,6228,37322,2,6,6,8,4,3,6,8,4,8,6,Female,Tier 1,Hybrid
616,61,155804,3.4,12,5.6,3,2,20,13,112522,104389,8,1,9,1,9,6,1,10,7,1,9,Female,Tier 3,Hybrid
617,49,168188,7.1,11,0.6,2,10,2,17,29947,139898,3,9,2,10,8,10,4,2,7,5,8,Female,Tier 3,Store
618,27,193240,1.3,11,3.5,8,9,24,13,6131,105741,10,5,1,10,7,1,1,4,6,7,3,Female,Tier 1,Hybrid
619,55,191242,6.6,11,4.1,10,6,28,18,40504,50005,3,4,5,3,2,1,9,10,1,3,9,Female,Tier 1,Hybrid
620,38,185327,11.2,11,1.4,5,3,13,8,61574,57447,6,1,3,8,2,7,1,8,4,7,1,Female,Tier 2,Hybrid
621,43,124143,2.9,7,3.6,2,2,5,16,135896,32403,3,4,2,8,10,6,6,7,4,4,2,Other,Tier 2,Store
622,48,153842,6.4,8,0.3,7,7,12,3,93477,94974,5,2,7,5,4,2,7,8,1,5,6,Male,Tier 1,Hybrid
623,33,112986,7.0,3,3.2,3,8,24,1,16538,55504,5,6,10,7,3,7,3,3,9,3,3,Female,Tier 1,Online
624,68,105130,0.8,4,2.0,6,5,19,10,7965,7271,6,1,8,1,3,7,1,9,7,10,9,Male,Tier 1,Hybrid
625,24,27832,4.5,4,0.7,2,2,30,15,122248,109309,9,8,3,10,1,5,8,8,5,3,6,Other,Tier 3,Hybrid
626,41,70540,6.0,12,5.0,10,4,4,7,135434,34528,3,4,2,2,7,5,10,2,4,4,5,Male,Tier 3,Hybrid
627,60,177867,4.3,8,4.1,9,9,18,8,35026,86468,7,6,3,10,1,7,1,4,3,1,3,Other,Tier 1,Hybrid
628,68,144691,2.4,6,0.3,8,8,27,11,49717,106840,8,4,8,10,5,9,8,2,5,9,6,Female,Tier 1,Hybrid
629,34,198773,9.8,8,4.7,8,2,21,10,136571,69408,2,6,7,1,9,3,2,4,8,2,2,Other,Tier 3,Hybrid
630,36,86217,10.5,5,2.8,9,2,30,16,48370,104717,9,4,3,4,1,4,6,9,10,3,10,Other,Tier 3,Hybrid
631,21,299527,4.7,4,4.2,9,3,11,5,26750,43920,10,4,3,9,10,7,4,5,1,7,5,Female,Tier 3,Hybrid
632,44,269847,5.9,3,4.4,5,1,2,8,146188,82185,4,10,10,2,1,7,3,3,8,3,4,Female,Tier 1,Hybrid
633,59,239681,5.0,4,1.6,6,2,7,8,37315,105735,2,10,3,4,8,3,5,6,1,2,9,Female,Tier 3,Hybrid
634,24,266996,3.2,8,1.9,2,9,23,19,119609,40785,2,6,5,1,7,5,2,8,7,10,3,Other,Tier 3,Hybrid
635,68,275487,9.2,4,3.2,2,10,30,19,95540,63753,8,7,7,1,2,5,5,5,9,6,7,Other,Tier 2,Hybrid
636,40,63564,0.6,12,4.9,4,10,15,7,114209,70165,2,8,9,10,10,7,10,9,7,1,10,Male,Tier 3,Hybrid
637,68,71682,7.1,2,5.8,4,6,18,19,111080,103717,1,6,8,8,10,9,1,7,7,1,4,Other,Tier 1,Hybrid
638,19,192470,1.6,15,2.6,1,8,27,8,94501,90690,6,4,5,8,1,6,8,5,3,4,9,Other,Tier 3,Hybrid
639,38,230407,9.2,13,4.9,8,2,10,11,141595,60156,6,5,2,2,7,6,10,8,3,7,4,Female,Tier 3,Hybrid
640,49,203812,4.4,8,5.4,3,3,10,0,29723,50252,10,5,9,9,5,9,9,3,7,10,2,Male,Tier 1,Hybrid
641,23,232146,10.3,3,4.4,9,6,12,4,101488,27664,5,10,10,2,6,4,8,1,4,9,3,Other,Tier 2,Hybrid
642,19,279256,3.1,12,5.9,4,4,14,20,57114,38609,1,5,4,1,10,8,8,7,9,9,10,Male,Tier 2,Hybrid
643,29,291880,7.2,11,3.5,7,5,22,11,69589,113566,6,6,4,6,9,6,2,3,6,4,9,Other,Tier 1,Hybrid
644,24,286051,8.6,9,2.0,10,4,23,11,145746,59210,8,5,10,1,8,10,8,8,10,7,2,Male,Tier 1,Hybrid
645,53,255126,6.9,1,5.4,8,3,2,11,17647,72875,10,5,1,10,8,7,3,7,4,8,5,Other,Tier 3,Hybrid
646,61,179730,4.3,10,4.8,9,7,4,17,82933,2276,10,1,6,10,2,2,10,2,9,7,3,Other,Tier 1,Store
647,33,114026,10.1,1,4.0,8,2,10,2,25183,106289,10,7,7,7,8,3,6,3,2,5,6,Male,Tier 3,Hybrid
648,45,152127,6.2,3,1.7,4,4,11,20,21882,89555,8,2,9,5,1,10,1,9,1,6,2,Male,Tier 1,Hybrid
649,51,26594,0.6,7,2.0,10,10,11,2,45691,49909,10,8,3,9,4,6,2,3,10,6,10,Male,Tier 2,Hybrid
650,63,113056,6.3,14,5.0,1,10,1,17,32031,82201,5,2,6,3,10,9,3,2,8,4,10,Male,Tier 3,Store
651,39,258376,11.2,9,5.0,8,2,21,17,17660,89194,4,6,3,4,8,4,7,1,6,1,8,Other,Tier 3,Hybrid
652,66,71789,10.2,2,4.0,6,9,18,18,139941,137253,7,9,4,5,6,3,8,4,5,7,7,Female,Tier 2,Hybrid
653,23,277145,0.8,2,2.1,8,10,12,9,130946,75786,1,9,1,4,2,5,10,10,9,3,6,Other,Tier 1,Hybrid
654,52,34660,1.0,5,2.4,6,9,1,13,133767,137859,3,9,6,1,4,2,8,3,4,6,2,Other,Tier 1,Store
655,49,128389,7.1,10,0.3,7,4,28,3,76637,1742,4,6,3,7,4,6,7,1,3,3,10,Male,Tier 3,Online
656,60,155363,10.6,7,4.1,5,4,30,20,71964,107770,1,7,7,7,5,4,8,5,10,1,7,Male,Tier 3,Hybrid
657,67,255472,2.0,12,1.5,2,2,5,15,17932,48566,9,6,3,5,7,5,9,5,5,10,5,Male,Tier 1,Store
658,43,125972,11.4,9,5.1,4,3,16,1,123434,126019,2,2,4,1,7,3,2,2,4,7,10,Female,Tier 2,Online
659,65,94846,5.6,13,0.4,9,4,24,6,83841,11970,10,1,3,6,5,3,6,8,4,1,7,Female,Tier 1,Hybrid
660,36,285077,1.2,3,3.8,6,8,0,14,18688,64928,10,9,5,9,3,3,9,6,1,2,2,Female,Tier 3,Store
661,52,29155,7.6,3,4.4,6,6,1,4,27708,61753,1,7,1,10,1,7,10,2,4,1,10,Other,Tier 1,Hybrid
662,19,269785,11.3,11,2.4,10,7,14,7,129097,66047,6,8,8,3,8,9,6,4,3,5,3,Female,Tier 2,Hybrid
663,28,212978,9.0,7,4.9,3,1,14,13,142450,60002,7,3,6,4,7,7,7,8,8,8,7,Female,Tier 2,Hybrid
664,39,190923,8.2,3,4.4,4,4,6,6,149499,51513,10,6,8,9,7,6,5,4,7,3,8,Male,Tier 3,Hybrid
665,59,257145,4.0,14,5.7,10,7,1,6,57431,89021,9,3,7,9,7,3,8,1,4,7,10,Other,Tier 1,Hybrid
666,35,101713,7.9,10,4.7,4,3,13,10,123335,64908,3,8,6,10,10,9,1,2,2,2,1,Male,Tier 1,Hybrid
667,39,67158,4.1,15,2.3,3,4,9,2,95642,83206,10,8,8,6,3,5,5,2,9,3,3,Male,Tier 2,Hybrid
668,25,299081,11.0,7,1.1,9,8,22,8,65876,30216,3,8,2,1,3,7,8,7,8,3,1,Other,Tier 3,Hybrid
669,70,209993,11.2,10,3.5,8,1,15,18,90632,89570,2,6,2,3,3,10,5,7,3,2,4,Other,Tier 2,Hybrid
670,36,63554,4.6,13,3.1,10,10,13,5,96239,66747,4,9,5,9,1,8,6,3,1,4,5,Female,Tier 2,Hybrid
671,45,196956,1.0,12,6.0,8,2,10,17,8724,34749,10,1,10,1,5,7,4,8,7,7,1,Other,Tier 3,Hybrid
672,35,216682,4.4,13,3.2,7,7,22,10,35192,91264,5,9,4,8,5,5,2,8,2,6,9,Male,Tier 1,Hybrid
673,69,87384,9.8,2,1.6,3,6,2,4,62613,23407,2,1,1,6,10,2,3,10,8,6,2,Other,Tier 1,Hybrid
674,21,92726,2.8,12,5.6,3,2,22,2,1506,114000,4,4,1,2,7,6,9,4,8,4,8,Other,Tier 3,Online
675,29,266001,3.8,11,3.6,1,8,5,16,2155,21355,3,4,5,3,9,10,4,2,2,4,3,Female,Tier 1,Store
676,28,226919,7.8,10,1.9,7,9,20,9,57715,112310,5,6,4,9,1,5,5,3,2,1,2,Female,Tier 2,Hybrid
677,64,51669,7.6,14,2.7,8,1,23,2,83966,95259,10,2,10,5,6,8,6,8,6,8,5,Female,Tier 2,Online
678,52,119764,3.1,3,0.4,6,7,14,14,85531,106207,8,8,8,3,3,7,7,1,3,6,7,Other,Tier 1,Hybrid
679,43,211737,0.7,13,4.9,3,3,18,5,57383,25363,1,7,8,3,5,6,4,1,8,7,3,Female,Tier 3,Online
680,35,139400,2.7,10,4.4,7,7,30,5,128253,16165,6,2,2,6,8,10,5,3,4,9,8,Male,Tier 2,Online
681,49,26798,11.5,11,1.1,5,10,13,19,32441,34428,9,5,6,6,3,6,10,8,2,1,8,Female,Tier 2,Hybrid
682,33,129815,11.4,12,1.6,6,8,25,8,145988,89827,10,6,4,3,6,10,4,10,10,4,4,Female,Tier 3,Hybrid
683,48,30169,4.1,15,0.8,3,10,10,2,139235,129197,8,10,5,2,8,7,4,5,3,6,1,Female,Tier 1,Hybrid
684,32,21600,4.3,14,3.8,9,3,25,8,84395,127560,6,10,9,4,4,10,10,2,5,1,4,Other,Tier 3,Hybrid
685,36,150142,9.6,7,4.3,1,5,8,6,38264,78121,1,1,7,2,6,8,3,8,7,9,3,Other,Tier 2,Hybrid
686,66,184672,1.7,5,2.8,4,10,14,9,43203,34194,6,1,2,1,6,9,8,6,3,6,7,Other,Tier 1,Hybrid
687,58,247677,7.9,7,1.2,10,1,20,9,85438,148773,10,1,9,1,3,8,2,2,3,3,2,Other,Tier 1,Hybrid
688,63,143214,1.6,6,5.8,6,2,13,10,18739,129594,7,9,1,9,7,7,3,9,2,4,8,Male,Tier 1,Hybrid
689,66,156710,3.1,1,3.9,9,1,1,20,59618,125986,1,1,4,4,3,3,9,6,6,7,7,Male,Tier 3,Store
690,66,171854,6.2,11,4.3,7,9,2,1,52961,9938,4,4,10,8,1,6,2,10,6,9,3,Female,Tier 1,Hybrid
691,27,23853,11.0,12,3.8,5,9,11,16,102321,42407,4,10,5,6,4,6,5,7,2,5,8,Male,Tier 2,Hybrid
692,56,288333,9.4,4,1.3,1,7,25,3,54392,52966,10,5,4,10,5,6,8,1,4,10,5,Male,Tier 3,Online
693,19,182477,0.6,14,1.2,6,4,15,12,86315,120531,7,10,3,8,8,9,10,5,4,2,10,Male,Tier 1,Hybrid
694,19,46229,10.4,5,5.6,5,8,12,18,42308,25988,1,6,4,4,7,6,2,5,7,1,5,Male,Tier 1,Hybrid
695,37,94364,3.5,15,5.6,4,2,29,20,8460,125412,3,1,2,2,4,8,10,9,5,5,1,Other,Tier 3,Hybrid
696,48,53178,8.9,3,1.4,7,7,0,1,130896,113874,8,7,3,1,10,1,2,5,5,8,4,Female,Tier 1,Hybrid
697,60,162586,11.6,4,1.6,8,1,20,1,148142,114622,9,8,4,1,5,6,2,10,6,8,8,Other,Tier 1,Online
698,41,214653,8.9,9,1.0,6,7,5,18,105824,98046,8,6,5,3,8,9,7,6,7,2,10,Female,Tier 1,Store
699,39,208045,7.9,8,4.6,3,1,10,16,38524,90061,9,3,10,3,4,7,2,7,2,9,9,Male,Tier 3,Hybrid
700,24,22118,3.4,9,4.1,3,4,21,10,128735,31150,6,6,9,7,9,7,4,10,6,7,2,Male,Tier 3,Hybrid
701,59,257845,2.3,12,5.4,4,1,28,16,28759,130314,3,2,5,4,7,5,4,9,2,4,1,Male,Tier 1,Hybrid
702,36,83478,2.9,14,4.7,2,2,8,14,31682,111103,6,7,1,10,5,6,7,6,4,5,7,Other,Tier 3,Hybrid
703,48,41954,8.3,1,3.1,6,1,8,15,101099,141800,2,7,10,10,6,8,1,7,1,8,2,Female,Tier 2,Hybrid
704,52,68260,1.5,12,5.0,2,8,12,10,63775,123518,1,6,5,9,8,4,10,7,2,1,3,Other,Tier 3,Hybrid
705,67,34803,11.3,8,0.6,3,8,8,18,102258,140920,1,5,10,2,9,8,3,8,5,3,1,Female,Tier 3,Hybrid
706,39,243730,1.8,3,5.8,2,4,15,15,65785,1992,7,3,7,1,5,3,4,6,10,8,4,Other,Tier 2,Hybrid
707,69,80864,1.7,3,1.0,10,10,0,14,130561,96621,7,1,9,6,9,2,7,8,1,5,7,Other,Tier 3,Store
708,45,55095,1.2,5,5.3,6,8,12,16,64261,36551,2,1,3,2,10,3,4,8,9,6,9,Female,Tier 2,Hybrid
709,22,117260,7.2,2,3.4,4,4,4,9,35421,102922,1,6,1,9,1,2,9,5,10,9,1,Female,Tier 1,Hybrid
710,38,147756,10.4,13,1.4,8,8,15,6,26464,45698,7,9,9,2,3,3,9,3,2,8,9,Male,Tier 3,Hybrid
711,28,149534,7.7,7,5.1,6,4,26,8,107033,16142,7,1,6,7,1,4,6,7,8,10,4,Other,Tier 1,Hybrid
712,48,287149,10.7,11,5.3,3,4,19,16,75899,130820,2,7,10,1,7,2,9,2,3,1,6,Female,Tier 2,Hybrid
713,35,263535,8.0,15,2.2,9,10,10,9,123684,134570,8,7,10,9,10,10,10,3,8,6,2,Other,Tier 2,Hybrid
714,39,299308,6.4,11,0.6,5,5,27,9,135115,60227,6,6,4,10,4,6,5,4,6,9,7,Female,Tier 2,Hybrid
715,56,242218,8.2,4,4.7,3,5,6,11,142785,145440,6,4,8,10,9,3,2,5,4,4,10,Other,Tier 2,Hybrid
716,29,280547,4.8,7,3.0,5,10,14,17,89995,38862,5,10,2,5,2,7,9,7,1,2,4,Female,Tier 2,Hybrid
717,47,165275,6.4,7,1.4,1,7,20,15,28832,125377,7,7,6,2,3,3,2,6,1,1,2,Female,Tier 1,Hybrid
718,53,160726,2.0,2,5.6,7,4,1,18,16197,3083,2,6,10,5,5,7,4,4,4,10,10,Other,Tier 2,Store
719,53,205362,10.2,3,0.3,10,6,24,7,45547,100972,4,9,10,1,3,2,10,10,5,8,2,Male,Tier 1,Hybrid
720,44,135853,3.3,10,1.2,3,4,8,3,1330,63092,5,7,10,10,7,8,4,4,2,2,7,Other,Tier 2,Hybrid
721,46,98845,9.0,7,5.1,7,1,17,8,54273,129348,7,9,6,6,1,8,9,10,7,8,10,Male,Tier 2,Hybrid
722,27,60557,7.4,12,4.2,3,7,6,6,82868,93106,7,5,4,5,4,7,10,8,1,10,4,Other,Tier 3,Hybrid
723,22,257107,8.7,1,2.5,6,6,12,0,129201,114871,8,7,2,7,5,6,4,5,6,5,8,Male,Tier 1,Hybrid
724,32,291145,7.4,13,1.3,1,7,11,1,60420,24085,3,2,10,9,1,5,2,9,5,8,3,Female,Tier 1,Hybrid
725,45,166021,10.5,3,1.5,5,3,16,2,61269,24688,10,1,10,3,5,9,8,7,3,4,1,Male,Tier 3,Online
726,63,60395,1.3,2,1.8,3,9,3,14,145580,97212,3,3,9,3,4,1,6,3,5,9,1,Other,Tier 3,Store
727,21,226467,2.1,1,2.9,3,4,27,19,96756,73710,8,4,8,3,2,4,3,10,1,2,7,Male,Tier 1,Hybrid
728,36,261577,6.6,8,4.1,7,9,17,12,138138,122821,9,6,10,10,7,5,9,7,3,9,8,Male,Tier 1,Hybrid
729,31,58491,7.4,6,5.1,2,10,28,13,100789,99051,5,6,1,6,8,4,1,4,7,3,8,Other,Tier 3,Hybrid
730,26,178320,5.1,3,0.3,4,8,8,15,105158,122750,8,6,4,8,3,7,1,4,3,2,5,Female,Tier 1,Hybrid
731,40,263840,11.0,15,4.0,7,2,19,9,93501,134864,9,8,1,8,2,6,6,4,5,9,3,Male,Tier 1,Hybrid
732,27,161352,1.2,9,1.5,9,6,0,14,106252,88066,10,8,6,10,6,5,6,1,9,10,2,Female,Tier 2,Store
733,45,289469,0.9,13,3.4,10,9,2,4,99570,87047,8,5,3,3,4,2,10,7,5,7,4,Male,Tier 1,Hybrid
734,37,26351,11.5,4,2.6,4,7,25,4,112412,143907,10,5,4,1,2,3,1,5,8,2,4,Female,Tier 1,Online
735,61,278726,1.8,11,2.9,6,10,23,11,123426,68155,10,9,9,6,6,9,3,10,9,5,10,Male,Tier 1,Hybrid
736,70,31652,5.5,5,2.1,9,5,15,12,13944,79232,5,2,3,9,4,4,4,8,3,2,9,Other,Tier 2,Hybrid
737,44,229636,5.3,6,1.9,4,3,19,15,17885,82801,1,7,7,7,3,7,8,1,6,6,2,Female,Tier 1,Hybrid
738,49,277876,11.2,7,3.6,7,7,27,7,75595,64262,10,3,6,3,10,6,10,7,2,2,2,Male,Tier 3,Hybrid
739,18,98667,6.7,8,5.4,3,1,0,15,47049,9068,3,5,6,6,10,2,1,3,5,6,2,Male,Tier 3,Store
740,23,40716,7.6,14,5.6,3,7,26,15,28690,70579,10,5,10,9,2,10,5,3,2,8,10,Female,Tier 1,Hybrid
741,59,289951,1.6,10,1.5,5,1,12,10,43178,124405,8,6,9,5,5,7,7,4,5,6,4,Male,Tier 2,Hybrid
742,27,101379,0.9,1,3.6,2,3,3,14,33558,39645,2,5,6,6,10,4,8,7,7,2,9,Other,Tier 3,Store
743,37,129980,10.8,11,0.4,3,7,6,11,17816,13322,1,5,7,3,8,8,7,6,8,3,6,Other,Tier 3,Hybrid
744,45,185039,11.5,13,3.5,3,1,27,5,66193,109499,2,8,6,3,1,3,4,9,10,8,5,Male,Tier 3,Online
745,29,239084,0.9,1,3.9,6,10,11,10,1217,27919,8,9,4,4,3,6,9,5,9,7,9,Other,Tier 3,Hybrid
746,57,123107,5.5,12,4.8,8,10,17,9,141741,120152,1,5,6,1,7,10,2,8,7,8,10,Other,Tier 1,Hybrid
747,38,136863,5.7,5,5.4,1,4,21,18,67121,103997,5,1,9,4,1,4,8,4,7,1,7,Male,Tier 1,Hybrid
748,69,163463,6.7,15,3.4,7,1,16,20,80769,13920,8,10,4,9,9,5,2,4,7,9,6,Male,Tier 3,Hybrid
749,59,124992,0.7,7,0.7,4,8,0,3,34546,68183,3,5,5,7,3,7,4,3,6,2,5,Female,Tier 3,Hybrid
750,62,55960,1.4,3,5.3,1,4,2,8,47416,30219,8,6,2,9,9,8,9,2,8,10,5,Male,Tier 2,Hybrid
751,68,68250,4.6,7,4.9,9,5,23,0,23155,17128,3,3,6,3,9,9,4,8,6,1,6,Female,Tier 2,Online
752,24,288655,9.4,7,1.4,4,10,20,15,18037,59941,8,9,8,7,6,6,4,1,1,8,4,Male,Tier 3,Hybrid
753,40,28976,11.9,15,2.4,6,7,23,0,83119,121998,2,3,2,10,9,9,2,10,3,8,8,Other,Tier 3,Online
754,64,198626,1.9,13,0.4,6,4,9,17,112079,77426,1,2,1,5,3,5,7,3,5,6,7,Male,Tier 3,Hybrid
755,41,59380,6.2,12,1.9,1,1,9,10,48937,24899,3,9,10,10,2,6,2,2,5,6,6,Male,Tier 1,Hybrid
756,54,131311,7.2,2,1.5,5,5,26,17,142400,21383,9,10,9,5,9,5,2,7,1,5,7,Male,Tier 3,Hybrid
757,39,161058,9.0,3,0.6,10,1,3,15,11647,123504,6,7,9,2,5,3,10,9,4,2,6,Male,Tier 1,Store
758,59,74459,7.8,1,2.9,3,3,23,16,63044,107431,1,9,5,10,4,8,9,4,1,7,4,Other,Tier 3,Hybrid
759,42,120910,10.0,5,2.2,7,10,13,18,75909,71111,4,10,2,7,5,10,8,1,2,7,10,Male,Tier 3,Hybrid
760,34,87209,7.1,14,3.9,2,4,4,1,61017,66034,1,2,7,3,4,5,2,10,1,4,2,Other,Tier 1,Hybrid
761,44,76074,4.4,8,1.0,2,6,10,13,99780,136517,5,8,4,3,4,7,6,4,4,8,8,Female,Tier 2,Hybrid
762,21,152178,0.5,8,1.1,1,8,16,9,53935,108871,2,5,3,5,5,3,7,1,8,9,2,Other,Tier 2,Hybrid
763,40,178961,7.9,8,1.4,5,8,30,12,71184,42563,8,4,8,3,1,4,8,7,4,9,9,Other,Tier 1,Hybrid
764,25,160339,8.8,9,1.7,2,5,27,16,81821,106331,1,2,10,2,4,5,5,4,9,10,10,Other,Tier 1,Hybrid
765,58,280590,11.7,1,1.1,1,6,24,17,110528,149384,6,1,8,4,3,2,5,7,5,5,10,Male,Tier 3,Hybrid
766,43,207111,1.6,8,3.8,4,6,1,10,94054,124070,4,9,6,8,4,7,9,1,2,2,10,Male,Tier 1,Hybrid
767,44,43004,2.9,7,3.3,2,2,21,17,116179,36078,4,4,4,6,2,1,5,1,10,7,2,Female,Tier 3,Hybrid
768,55,255844,10.8,2,2.2,4,10,3,2,66119,141242,4,1,8,5,9,3,1,8,4,7,6,Male,Tier 1,Hybrid
769,50,140234,11.1,5,0.2,6,6,24,14,146327,43568,1,2,10,1,5,4,3,3,4,1,3,Male,Tier 1,Hybrid
770,30,89535,3.9,1,4.0,4,10,4,1,31400,54020,6,5,7,3,2,3,8,7,1,3,6,Male,Tier 3,Hybrid
771,29,240387,1.7,13,1.1,2,3,13,3,114432,60598,3,5,9,9,9,10,10,6,8,3,10,Other,Tier 3,Hybrid
772,54,133029,11.5,7,1.2,8,5,10,8,56637,5750,4,7,5,7,9,8,2,10,2,3,1,Male,Tier 3,Hybrid
773,62,299730,11.4,2,3.4,7,10,22,4,14349,136278,3,9,4,3,4,1,9,10,9,2,4,Other,Tier 3,Online
774,23,197792,6.5,2,1.7,6,9,4,5,12039,112624,8,4,3,4,2,9,3,10,8,2,7,Other,Tier 3,Hybrid
775,52,62025,9.0,6,2.9,5,6,0,1,3522,7662,1,1,2,6,3,10,2,2,4,8,2,Female,Tier 3,Hybrid
776,59,214793,1.2,11,4.5,10,1,23,4,93125,82510,7,2,9,5,5,5,3,2,9,3,10,Other,Tier 3,Online
777,52,269969,3.8,9,5.5,2,3,5,9,131943,11630,6,7,8,1,9,7,8,1,1,10,1,Male,Tier 3,Hybrid
778,34,148771,4.8,11,2.2,6,9,8,16,39810,106716,7,10,2,4,7,3,5,9,4,6,6,Other,Tier 1,Hybrid
779,41,182595,9.9,13,3.5,1,9,22,1,123647,14403,7,4,4,7,10,10,9,8,10,6,1,Other,Tier 3,Online
780,51,116870,1.9,1,1.8,1,2,27,12,66773,139062,2,9,9,1,5,5,3,9,8,8,4,Other,Tier 1,Hybrid
781,42,118400,6.6,2,2.5,4,3,21,2,37593,105379,10,5,3,9,10,5,7,5,3,1,4,Female,Tier 3,Online
782,26,213072,8.8,14,3.3,4,2,9,8,22039,121601,1,7,5,7,3,6,6,5,1,3,7,Male,Tier 3,Hybrid
783,61,213487,4.4,11,1.3,4,1,21,2,123663,99399,5,7,5,5,9,10,9,9,1,4,2,Female,Tier 1,Online
784,53,282652,6.5,14,5.9,6,3,14,19,16629,89610,1,5,1,5,4,4,4,4,6,4,9,Female,Tier 3,Hybrid
785,38,84057,5.0,4,4.9,2,2,3,19,119708,138443,8,2,9,1,10,4,4,10,2,4,8,Male,Tier 1,Store
786,43,189355,12.0,1,5.3,1,2,30,2,132852,130698,6,7,2,8,9,7,9,9,1,1,3,Male,Tier 1,Online
787,69,35413,7.2,6,4.7,2,9,4,19,137829,3939,4,7,6,8,8,5,5,10,2,7,1,Other,Tier 3,Store
788,31,225395,4.7,13,2.2,1,2,9,19,19089,32789,9,10,5,2,9,5,4,4,7,9,8,Female,Tier 1,Hybrid
789,55,93029,9.2,7,1.3,3,4,19,19,133106,39266,2,4,8,5,6,6,7,2,2,5,1,Other,Tier 3,Hybrid
790,64,174113,2.0,9,2.6,1,6,20,0,88971,62798,8,7,7,7,1,9,2,2,3,7,1,Male,Tier 1,Online
791,21,292764,10.7,6,2.5,10,2,26,0,101762,40868,8,2,6,4,2,3,4,5,6,6,1,Female,Tier 3,Online
792,53,116156,5.5,2,3.0,8,7,24,17,37880,55775,9,5,5,1,2,4,5,9,1,9,8,Male,Tier 2,Hybrid
793,37,144479,6.0,11,5.5,9,3,13,1,56064,61775,6,10,2,1,2,6,8,1,10,1,9,Female,Tier 3,Hybrid
794,55,53994,9.7,5,3.5,1,8,8,18,43911,106106,10,10,10,7,10,10,7,5,9,10,10,Other,Tier 3,Hybrid
795,61,259181,1.5,9,1.9,9,6,18,12,149597,65564,3,6,10,2,5,1,9,5,10,10,4,Male,Tier 1,Hybrid
796,24,116969,10.2,13,5.0,5,3,24,13,106461,148326,9,1,7,10,1,9,8,3,7,2,8,Female,Tier 1,Hybrid
797,59,251729,2.5,4,2.0,4,9,19,7,85900,95344,4,9,3,9,1,5,1,6,7,2,3,Other,Tier 3,Hybrid
798,57,247618,4.4,9,4.9,3,7,18,11,143237,38933,7,5,2,9,7,10,7,6,7,2,4,Male,Tier 3,Hybrid
799,48,243322,1.6,14,4.2,3,4,25,16,82733,88803,2,5,4,5,7,9,3,4,10,5,9,Female,Tier 3,Hybrid
800,20,35442,10.1,3,3.0,4,1,0,16,114335,102912,7,2,1,2,7,9,4,2,2,4,10,Female,Tier 1,Store
801,21,54719,4.8,1,3.7,5,2,9,20,19679,84751,1,8,7,3,9,4,10,8,7,3,1,Other,Tier 2,Hybrid
802,32,166695,3.6,15,3.1,8,10,9,12,43049,15752,8,3,7,7,3,10,3,6,1,9,2,Other,Tier 2,Hybrid
803,64,268585,11.1,15,0.5,3,10,22,19,18009,69586,1,7,9,9,5,2,4,4,4,8,4,Male,Tier 1,Hybrid
804,38,207631,8.7,3,1.4,7,2,14,17,21248,122201,1,4,3,2,2,10,3,1,7,2,4,Female,Tier 1,Hybrid
805,70,289114,11.8,6,1.0,8,9,18,11,99061,32288,4,4,8,2,9,5,5,5,10,1,3,Other,Tier 2,Hybrid
806,21,93846,10.4,5,3.2,2,7,8,9,14367,62499,8,4,5,2,7,8,9,2,3,8,8,Other,Tier 3,Hybrid
807,28,117857,1.4,14,1.1,2,8,28,18,141073,48312,2,4,5,9,7,3,10,9,6,8,10,Female,Tier 1,Hybrid
808,66,243357,10.5,4,5.3,9,4,28,3,135582,46956,9,6,7,1,6,4,10,8,1,8,10,Other,Tier 3,Online
809,58,244756,5.1,15,6.0,8,8,22,1,106054,130645,4,7,9,3,1,6,1,7,9,3,2,Other,Tier 1,Online
810,29,137392,7.7,6,4.1,2,7,21,11,4388,88331,9,8,2,5,7,10,3,2,9,3,2,Other,Tier 1,Hybrid
811,38,228630,11.6,13,3.6,1,9,18,17,70890,62161,7,10,10,9,5,9,1,3,3,1,6,Male,Tier 3,Hybrid
812,62,140480,8.1,9,2.7,10,5,16,9,34575,78654,10,6,10,9,9,2,2,5,6,8,9,Other,Tier 2,Hybrid
813,69,38769,8.5,8,0.7,3,4,28,17,105791,117830,7,8,4,9,3,1,10,8,5,7,2,Other,Tier 1,Hybrid
814,64,261909,6.2,9,3.1,9,3,27,19,114916,133093,8,3,3,6,9,10,4,8,1,9,6,Other,Tier 3,Hybrid
815,18,228977,7.9,11,3.8,4,6,1,8,8337,94965,7,7,10,6,8,10,1,1,2,3,5,Other,Tier 1,Hybrid
816,67,199637,10.3,5,1.7,9,7,14,18,103802,51908,3,6,10,5,3,4,3,9,10,5,7,Male,Tier 1,Hybrid
817,52,74055,4.4,3,1.7,6,3,17,10,127194,47135,6,7,3,10,3,7,10,4,4,6,9,Other,Tier 3,Hybrid
818,41,73593,3.1,9,0.8,7,6,11,0,128854,136535,5,7,9,6,1,10,6,8,5,5,4,Male,Tier 1,Hybrid
819,37,82902,10.6,15,3.2,10,2,29,3,126648,127442,3,1,4,9,6,10,4,5,1,2,6,Male,Tier 2,Online
820,37,66246,4.2,8,0.8,6,4,3,6,45984,96473,10,4,7,8,9,2,4,7,8,6,1,Male,Tier 3,Hybrid
821,35,98478,8.5,11,4.9,5,2,1,11,46984,120203,7,10,9,2,10,9,8,9,1,10,3,Female,Tier 1,Hybrid
822,35,209260,2.0,14,3.2,9,6,12,5,36374,87241,9,7,7,1,6,10,9,7,8,9,8,Female,Tier 2,Hybrid
823,28,92466,6.2,6,3.2,5,9,20,10,111115,95844,6,10,5,3,9,3,5,10,2,2,7,Female,Tier 1,Hybrid
824,26,23280,10.6,1,1.1,5,6,20,7,61340,19570,4,3,2,6,6,2,4,1,6,6,8,Male,Tier 3,Hybrid
825,31,243180,6.9,3,4.2,5,5,9,16,138071,100918,7,10,10,8,3,8,4,7,8,8,5,Other,Tier 2,Hybrid
826,27,23337,2.0,14,3.2,3,6,9,6,18743,138342,4,3,9,2,3,4,2,3,4,10,3,Other,Tier 1,Hybrid
827,58,179839,7.7,1,2.4,1,2,16,7,109386,69284,8,3,4,9,8,6,1,9,3,8,7,Other,Tier 3,Hybrid
828,23,259089,2.5,3,5.4,8,8,10,8,95707,147835,5,8,3,7,3,10,1,6,3,10,2,Other,Tier 3,Hybrid
829,65,257803,4.9,11,3.4,2,7,1,17,48119,115721,2,8,3,2,8,4,4,8,4,10,10,Male,Tier 1,Store
830,38,115309,2.5,10,5.7,10,4,23,13,45377,26926,7,6,10,2,5,4,9,9,3,4,3,Female,Tier 3,Hybrid
831,41,148199,9.6,14,5.4,4,6,17,9,70434,110043,2,8,8,8,4,3,7,5,4,1,10,Female,Tier 2,Hybrid
832,34,281156,7.5,12,0.9,8,10,26,18,115527,1204,3,10,3,8,2,3,1,6,4,10,8,Other,Tier 2,Hybrid
833,64,78989,3.0,12,5.4,6,3,18,17,136538,64208,3,3,1,2,3,6,7,1,9,4,3,Male,Tier 1,Hybrid
834,34,276348,7.5,11,5.3,9,9,16,18,115416,92070,4,6,9,6,3,4,9,7,1,1,4,Male,Tier 2,Hybrid
835,37,143882,11.1,11,0.7,10,10,10,3,121142,17908,6,3,4,10,2,1,3,10,3,10,6,Other,Tier 1,Hybrid
836,23,178749,2.8,5,4.0,9,4,1,19,51967,1787,10,7,8,2,4,10,8,2,10,2,3,Female,Tier 1,Store
837,58,99131,8.9,2,1.4,2,8,13,14,37104,14525,2,10,2,2,2,7,7,2,3,3,1,Male,Tier 3,Hybrid
838,64,36733,5.6,12,2.2,9,8,29,7,52391,56622,1,5,10,4,7,7,6,4,9,1,3,Female,Tier 3,Hybrid
839,60,178054,9.4,2,1.1,5,3,3,2,75066,6453,9,7,9,3,6,1,10,6,3,3,10,Female,Tier 2,Hybrid
840,26,28973,10.2,10,1.3,6,6,23,12,17806,824,4,10,10,6,3,10,8,1,2,4,8,Male,Tier 1,Hybrid
841,35,120011,5.4,6,3.4,9,6,12,9,34666,56077,1,5,2,3,1,3,8,1,7,2,6,Other,Tier 1,Hybrid
842,48,141009,6.9,5,0.5,10,10,1,14,22880,113542,7,10,1,7,4,3,3,5,9,2,6,Female,Tier 2,Store
843,28,23972,3.1,12,5.2,1,4,1,3,4919,95707,7,8,10,8,6,7,5,10,2,6,8,Other,Tier 3,Hybrid
844,67,202469,4.8,7,5.1,4,5,15,3,36376,66324,8,7,1,2,1,9,1,2,9,2,1,Male,Tier 1,Hybrid
845,69,236306,6.9,2,2.8,5,2,15,5,111598,135839,1,9,1,9,2,6,8,2,3,10,1,Other,Tier 1,Hybrid
846,39,51877,5.8,4,3.1,7,8,3,7,14625,121596,4,6,2,1,5,6,9,5,8,5,4,Female,Tier 1,Hybrid
847,25,123050,0.8,10,2.7,6,9,27,16,93648,117631,7,7,10,5,8,1,4,2,9,1,6,Male,Tier 3,Hybrid
848,69,125049,7.5,3,5.0,8,5,26,13,103686,115006,3,2,6,10,2,9,4,3,8,1,1,Male,Tier 2,Hybrid
849,43,237476,5.4,5,5.8,10,1,24,2,31034,13758,8,10,8,8,2,5,1,1,5,10,4,Other,Tier 3,Online
850,22,161325,7.1,6,1.6,2,6,25,5,11587,67483,10,10,9,1,10,5,10,8,7,10,9,Female,Tier 3,Online
851,32,54140,2.8,10,2.7,2,7,12,19,146394,77207,2,7,7,2,3,4,8,5,1,8,8,Other,Tier 2,Hybrid
852,33,142315,10.1,13,2.1,3,4,23,16,76287,149519,2,10,8,1,2,5,3,7,3,1,4,Female,Tier 1,Hybrid
853,50,261561,9.9,9,5.1,2,2,13,1,42012,7690,5,2,9,2,4,6,10,10,9,10,9,Other,Tier 2,Hybrid
854,27,78697,1.5,8,5.8,9,9,20,18,76460,133726,1,2,9,7,5,5,9,3,3,2,8,Female,Tier 3,Hybrid
855,50,142231,7.1,8,5.8,6,8,29,0,141821,45739,1,1,5,9,1,7,8,6,8,2,3,Male,Tier 2,Online
856,54,64631,3.9,7,0.7,2,3,16,15,71387,43845,10,7,9,9,3,8,7,10,8,1,5,Male,Tier 3,Hybrid
857,40,140238,8.7,5,5.4,2,10,13,3,93458,112474,1,8,9,4,3,8,5,9,9,4,6,Other,Tier 2,Hybrid
858,40,76103,9.5,8,3.6,7,3,9,20,12340,111028,5,10,7,7,9,4,5,10,7,1,5,Female,Tier 3,Hybrid
859,37,99528,1.2,1,1.1,6,2,12,4,42392,93710,10,4,7,5,9,9,3,1,9,10,4,Female,Tier 3,Hybrid
860,43,299290,8.5,4,3.8,7,3,8,12,126204,40172,9,8,10,10,2,7,1,10,2,2,5,Male,Tier 1,Hybrid
861,25,150172,4.6,13,5.9,3,4,22,13,28801,61487,4,8,7,1,6,3,4,1,5,6,9,Other,Tier 1,Hybrid
862,43,194299,9.5,12,0.3,3,6,29,8,79690,130416,3,5,2,10,2,7,6,1,4,5,5,Male,Tier 3,Hybrid
863,44,230797,10.2,8,4.6,8,2,24,16,33733,68314,10,9,10,9,1,9,9,1,7,8,9,Male,Tier 1,Hybrid
864,35,61743,5.6,7,3.2,2,4,26,10,48920,103920,7,5,9,7,10,9,10,4,10,7,10,Other,Tier 2,Hybrid
865,37,285668,4.9,5,4.2,2,6,10,18,68976,82696,1,2,2,10,3,10,3,1,8,6,4,Other,Tier 2,Hybrid
866,62,43324,4.5,2,3.0,7,1,7,19,141485,146052,7,4,7,6,4,7,3,2,9,10,5,Female,Tier 2,Hybrid
867,56,49261,4.9,1,0.5,10,10,9,4,78805,139528,10,5,3,1,5,7,7,5,9,10,7,Female,Tier 2,Hybrid
868,44,46215,4.3,7,1.7,1,5,10,13,95969,128958,8,6,9,1,10,8,5,6,4,4,9,Other,Tier 1,Hybrid
869,45,88606,3.3,13,2.3,7,7,25,4,48819,110268,6,5,1,2,7,6,10,10,6,4,1,Male,Tier 3,Online
870,61,243082,2.3,3,0.9,3,5,5,14,112745,125900,8,5,7,3,6,10,2,7,1,2,2,Male,Tier 2,Store
871,63,72384,1.6,15,5.8,9,5,17,16,102276,16220,1,9,1,2,8,10,9,7,8,8,9,Male,Tier 1,Hybrid
872,23,110643,7.1,15,5.7,8,1,29,8,117446,35865,7,5,3,7,2,3,2,3,1,4,9,Female,Tier 1,Hybrid
873,65,270988,4.4,7,2.2,10,7,27,17,13107,121401,9,6,3,6,5,9,3,5,3,2,9,Other,Tier 1,Hybrid
874,50,190026,10.6,6,4.8,5,1,1,13,67206,80585,6,5,8,6,3,4,2,2,3,4,3,Other,Tier 2,Store
875,36,277558,8.3,10,4.5,2,8,14,12,54575,64173,5,3,8,3,1,4,9,9,7,3,2,Female,Tier 2,Hybrid
876,63,26614,8.0,1,4.8,2,10,25,12,65233,11432,5,6,4,1,7,10,4,6,9,9,3,Female,Tier 3,Hybrid
877,32,193551,10.2,15,2.0,1,2,16,2,104397,115985,8,9,5,9,2,7,6,3,5,5,5,Other,Tier 2,Online
878,34,157304,5.4,14,3.3,9,6,22,2,125047,57501,8,9,2,1,6,4,10,2,3,9,8,Other,Tier 3,Online
879,60,153932,10.6,12,2.4,10,10,18,13,138831,135371,3,10,1,5,6,8,10,3,8,2,5,Female,Tier 3,Hybrid
880,26,153060,4.8,1,4.9,10,9,23,12,66726,46382,5,3,4,9,4,10,8,3,9,4,4,Other,Tier 1,Hybrid
881,27,79102,11.8,11,3.4,1,7,29,5,149025,55573,3,9,9,1,10,9,4,3,3,2,1,Male,Tier 1,Online
882,29,140596,2.5,1,0.3,9,7,14,13,99958,30545,1,1,9,10,9,8,7,2,1,9,2,Female,Tier 1,Hybrid
883,41,221177,9.7,5,0.6,4,9,9,10,64454,22795,10,9,1,8,5,7,9,3,4,6,5,Female,Tier 3,Hybrid
884,38,71200,0.9,4,4.5,1,8,26,12,48309,1419,6,5,6,10,7,8,2,6,1,1,7,Female,Tier 3,Hybrid
885,42,241292,3.6,2,0.3,7,6,9,2,24170,59428,5,1,8,9,6,2,7,10,10,5,10,Female,Tier 1,Hybrid
886,51,27887,4.7,9,4.6,7,7,17,6,77623,145717,3,7,9,10,10,10,7,3,7,10,8,Male,Tier 3,Hybrid
887,32,247252,6.9,9,5.4,10,2,15,16,127717,19544,6,1,6,10,7,3,6,8,2,10,8,Female,Tier 1,Hybrid
888,62,144123,2.0,2,1.0,6,8,27,20,137333,147056,3,7,1,5,2,9,1,10,6,3,2,Female,Tier 2,Hybrid
889,39,287647,4.1,2,2.9,8,5,22,2,36667,128499,5,7,10,3,2,2,9,9,3,5,2,Other,Tier 3,Online
890,55,231189,11.3,7,1.7,3,3,19,15,88126,134777,10,2,8,1,5,6,5,3,2,9,6,Other,Tier 2,Hybrid
891,41,274859,10.1,1,2.0,9,3,0,18,37602,33616,6,8,1,10,1,1,2,7,4,6,7,Female,Tier 1,Store
892,47,110008,2.9,3,1.8,8,3,16,5,147298,86509,5,1,1,2,8,9,9,3,3,5,8,Male,Tier 1,Online
893,26,240035,1.3,15,3.3,6,1,15,2,15944,92625,9,1,2,2,10,6,1,10,3,8,2,Other,Tier 1,Hybrid
894,38,117480,5.4,12,5.3,6,4,30,14,14456,149794,3,4,1,1,8,2,7,10,6,1,1,Female,Tier 2,Hybrid
895,62,65415,10.6,10,4.8,9,6,22,9,60007,37422,10,9,8,7,10,9,10,4,7,6,3,Other,Tier 2,Hybrid
896,35,267577,9.3,7,5.1,2,10,25,16,37528,124791,4,5,9,2,4,2,1,5,6,1,3,Female,Tier 3,Hybrid
897,60,231435,3.1,3,0.6,5,4,28,11,115279,67617,9,4,6,3,7,9,1,7,5,9,7,Male,Tier 3,Hybrid
898,45,254778,2.7,9,1.5,5,5,29,17,132458,51678,9,5,3,6,4,7,5,7,3,9,1,Female,Tier 2,Hybrid
899,21,253578,9.9,15,1.8,1,7,11,14,88465,92889,2,6,7,3,4,10,3,1,10,1,9,Female,Tier 2,Hybrid
900,24,42284,6.2,12,2.0,1,10,3,7,26643,22345,2,8,9,7,2,10,1,3,6,5,8,Other,Tier 2,Hybrid
901,21,112876,2.4,1,2.6,10,6,29,7,83108,70767,2,3,1,2,3,3,8,6,10,6,1,Male,Tier 1,Hybrid
902,44,46620,1.4,2,2.2,3,6,30,20,68560,115883,10,6,1,8,5,1,8,2,8,4,3,Female,Tier 3,Hybrid
903,53,45961,11.2,12,4.5,6,1,29,7,17739,13120,1,7,5,10,4,5,1,4,10,2,1,Female,Tier 2,Hybrid
904,26,36479,10.6,7,0.5,10,5,2,2,142781,79114,10,2,4,6,10,10,3,9,6,6,4,Female,Tier 3,Hybrid
905,54,198503,2.2,6,2.4,1,1,13,15,149763,3920,1,7,10,7,9,1,2,9,7,8,8,Female,Tier 1,Hybrid
906,67,146686,12.0,9,1.7,3,4,21,6,149994,76253,5,10,6,4,1,1,7,8,8,7,3,Female,Tier 2,Hybrid
907,18,134277,2.3,6,5.0,2,8,6,12,82578,67373,3,7,3,5,2,8,9,5,3,10,1,Other,Tier 1,Hybrid
908,60,98355,3.0,4,2.0,2,2,0,1,10942,111060,1,6,4,1,9,9,7,9,5,4,1,Male,Tier 1,Hybrid
909,23,221340,5.0,4,4.8,10,1,9,10,120178,88077,10,9,9,8,6,10,3,2,3,10,10,Female,Tier 2,Hybrid
910,28,227220,1.0,14,1.6,3,1,28,4,120450,97504,6,9,3,2,5,8,8,1,10,3,1,Female,Tier 1,Online
911,23,200487,10.2,4,4.3,9,1,5,6,113601,44605,2,10,3,2,6,9,2,9,10,8,1,Other,Tier 2,Hybrid
912,54,69525,5.5,13,0.8,7,4,17,11,87614,144741,9,2,10,6,10,8,8,3,2,7,9,Other,Tier 1,Hybrid
913,63,46394,9.1,13,2.2,4,8,17,19,57109,18107,9,7,10,3,9,10,8,3,9,5,6,Female,Tier 1,Hybrid
914,60,70318,11.9,3,1.2,8,3,0,1,47065,144993,4,10,5,9,3,4,3,3,1,5,2,Female,Tier 2,Hybrid
915,49,166151,8.0,12,1.0,9,2,2,13,94846,51954,1,3,1,3,1,4,1,5,3,4,3,Male,Tier 3,Store
916,46,281109,4.6,15,0.9,2,4,11,6,11360,34747,9,2,7,6,1,7,5,7,4,1,1,Female,Tier 3,Hybrid
917,68,141010,11.3,8,2.9,6,7,28,18,25653,141341,4,3,2,1,3,10,2,7,2,8,5,Female,Tier 3,Hybrid
918,20,103425,7.2,9,1.5,1,5,7,17,72827,18032,10,7,7,3,3,10,2,4,2,7,8,Male,Tier 3,Hybrid
919,21,212357,5.2,15,2.3,7,7,14,1,100944,61807,7,3,2,10,9,7,6,6,1,5,10,Female,Tier 2,Hybrid
920,37,38967,5.6,7,2.5,4,5,19,6,59408,149280,7,6,1,5,10,7,3,8,4,3,3,Female,Tier 1,Hybrid
921,45,81588,1.5,3,1.7,7,3,29,10,145938,84533,5,3,2,9,9,1,9,8,10,10,2,Other,Tier 3,Hybrid
922,44,97342,7.9,12,2.0,2,10,18,12,69619,58329,4,9,6,4,3,5,8,3,6,1,6,Other,Tier 1,Hybrid
923,32,148724,3.5,4,5.7,1,4,2,2,96403,139174,8,7,1,6,5,6,8,7,10,5,8,Female,Tier 2,Hybrid
924,43,160640,8.8,15,5.5,6,4,11,7,114948,97681,10,8,5,7,7,10,9,7,2,7,4,Female,Tier 1,Hybrid
925,23,112842,4.4,6,0.3,1,10,10,19,80807,133681,2,6,3,7,10,3,6,6,10,7,7,Female,Tier 2,Hybrid
926,29,79161,10.3,4,0.3,5,3,7,11,31606,70150,3,7,2,5,1,5,9,10,4,4,3,Female,Tier 1,Hybrid
927,37,186060,10.7,4,4.4,1,8,18,13,58174,120535,4,2,1,1,9,2,8,9,6,3,3,Male,Tier 1,Hybrid
928,41,254164,1.6,15,3.4,6,3,6,11,73732,46694,7,9,8,5,5,8,1,2,8,4,3,Other,Tier 3,Hybrid
929,19,297367,5.2,6,5.3,3,4,28,14,121820,119242,3,10,7,7,6,7,4,4,8,1,2,Female,Tier 1,Hybrid
930,59,44453,11.1,11,4.3,3,8,29,17,16984,6945,6,6,9,1,1,1,3,8,3,3,2,Female,Tier 1,Hybrid
931,38,262805,8.1,4,0.9,1,10,9,7,32853,57546,7,9,2,8,3,1,4,2,4,7,10,Female,Tier 2,Hybrid
932,63,100831,6.5,7,1.2,1,10,20,5,127545,65021,6,3,6,10,6,4,4,3,3,3,8,Male,Tier 3,Online
933,57,119669,10.8,10,3.7,1,5,11,15,58711,93309,4,3,4,7,7,2,9,6,1,8,7,Male,Tier 1,Hybrid
934,53,260708,1.0,3,2.5,8,2,24,16,42022,52903,7,1,2,1,8,2,3,7,2,6,9,Male,Tier 3,Hybrid
935,61,115884,8.6,14,3.1,7,5,17,8,106022,125929,4,6,8,5,3,3,4,4,3,3,3,Other,Tier 3,Hybrid
936,19,75642,9.2,5,1.7,3,6,17,18,40944,48769,3,6,7,1,7,3,10,6,4,6,1,Female,Tier 1,Hybrid
937,58,271023,10.4,4,0.6,2,9,1,8,104523,129416,5,2,4,1,8,6,4,9,5,2,9,Female,Tier 1,Hybrid
938,18,57610,3.0,7,1.2,1,9,25,9,105173,60593,10,8,6,7,2,6,5,8,1,6,6,Female,Tier 3,Hybrid
939,22,111372,11.3,11,0.6,2,7,23,8,19379,20814,10,6,6,7,5,1,10,2,10,7,10,Male,Tier 3,Hybrid
940,38,256380,6.8,6,4.9,1,8,25,0,36436,5260,5,3,7,3,1,2,10,8,2,3,2,Male,Tier 2,Online
941,22,125793,7.1,13,4.4,10,7,14,17,149012,119488,7,1,10,9,8,4,2,3,7,8,8,Male,Tier 1,Hybrid
942,69,117189,2.0,11,2.5,1,8,30,10,139545,140685,10,8,9,7,6,4,4,10,5,4,2,Other,Tier 1,Hybrid
943,58,220399,4.3,4,0.4,9,10,20,10,48128,61625,2,3,1,3,2,10,2,6,1,6,8,Female,Tier 2,Hybrid
944,36,259125,9.7,5,3.0,1,1,4,13,147631,122204,7,5,5,9,7,8,7,5,10,8,10,Female,Tier 2,Store
945,23,240090,9.9,7,5.4,7,1,8,10,9157,6543,7,4,6,6,4,8,4,1,10,7,5,Other,Tier 2,Hybrid
946,57,117764,11.6,8,0.7,10,6,4,18,100155,58889,6,4,1,6,10,8,1,3,6,6,2,Male,Tier 3,Store
947,28,262573,5.3,4,2.7,4,2,27,10,76516,137999,10,9,10,6,10,7,6,5,7,7,4,Female,Tier 2,Hybrid
948,66,157219,10.6,15,1.9,4,5,22,8,19634,80546,10,2,7,10,10,10,4,10,4,5,5,Other,Tier 2,Hybrid
949,36,138706,7.1,5,5.3,5,1,16,17,45415,38800,4,1,10,6,9,7,3,10,8,4,10,Other,Tier 3,Hybrid
950,59,293880,7.2,15,1.8,4,3,3,0,117296,34339,1,3,2,8,1,8,6,5,9,6,4,Female,Tier 3,Hybrid
951,63,236425,4.8,8,4.8,3,3,1,7,3163,11748,5,5,10,7,5,7,2,3,10,4,10,Male,Tier 1,Hybrid
952,27,206526,1.7,13,0.9,8,6,27,12,93885,139112,10,7,4,6,10,6,8,1,9,7,2,Other,Tier 3,Hybrid
953,31,56062,3.5,6,3.4,4,5,22,10,104452,102182,4,2,2,4,9,9,6,1,4,5,3,Male,Tier 2,Hybrid
954,28,91162,0.9,4,1.3,8,5,5,8,107081,55002,2,1,5,4,8,10,7,9,7,9,1,Male,Tier 3,Hybrid
955,68,184517,8.7,15,1.0,5,7,24,18,13639,40605,2,8,8,5,2,8,5,4,1,5,4,Female,Tier 1,Hybrid
956,27,139737,6.7,13,5.0,1,3,5,17,73987,111157,7,6,3,8,6,3,4,4,3,9,3,Other,Tier 1,Store
957,18,91456,0.7,6,2.5,2,4,6,0,60720,6258,4,4,5,7,8,8,2,2,7,8,6,Male,Tier 2,Hybrid
958,45,94445,9.4,10,3.7,6,4,28,1,45997,73374,6,4,1,2,3,4,10,9,5,8,3,Male,Tier 1,Online
959,31,162005,8.7,13,1.0,3,9,9,14,18352,4795,2,8,3,3,3,5,1,6,1,8,7,Female,Tier 3,Hybrid
960,52,262519,8.9,2,5.0,8,8,10,8,109006,28253,10,10,3,5,1,7,6,9,4,9,8,Male,Tier 3,Hybrid
961,48,97771,4.4,14,5.6,3,3,10,19,11012,90478,7,7,9,5,5,9,3,4,8,4,4,Female,Tier 3,Hybrid
962,67,60007,9.6,2,1.0,2,1,3,16,120533,135114,1,4,6,9,7,10,1,2,8,1,8,Female,Tier 3,Store
963,20,138245,7.4,6,0.8,10,10,8,11,47214,83950,2,8,2,3,3,3,8,7,5,4,4,Other,Tier 2,Hybrid
964,29,105747,0.7,14,1.9,3,2,12,5,99297,84517,5,10,7,4,4,1,9,4,4,5,5,Female,Tier 2,Hybrid
965,19,179767,6.3,9,3.1,10,10,29,10,3578,71531,8,1,3,1,6,10,7,9,6,2,10,Female,Tier 1,Hybrid
966,68,254983,6.2,10,4.3,3,7,13,20,55341,42432,10,6,7,4,5,3,8,8,8,6,3,Male,Tier 2,Hybrid
967,54,100536,0.7,2,5.3,6,9,2,4,35580,7781,6,10,3,3,10,5,2,2,6,7,4,Male,Tier 1,Hybrid
968,55,186590,4.1,11,4.3,7,4,13,7,121944,40914,7,3,10,5,3,1,7,7,2,6,5,Other,Tier 3,Hybrid
969,19,198070,1.6,4,4.4,4,9,24,1,11931,71963,10,9,4,3,2,2,3,3,2,3,2,Female,Tier 3,Online
970,36,288100,8.1,15,0.9,6,9,4,13,142959,109855,9,8,7,5,1,2,10,2,9,6,5,Other,Tier 3,Store
971,21,224190,4.1,5,4.6,1,1,25,12,47072,149926,9,8,8,9,8,4,6,9,6,7,7,Female,Tier 2,Hybrid
972,65,182944,9.4,2,3.7,3,4,9,5,29805,37438,7,3,3,2,4,3,1,5,2,1,5,Male,Tier 3,Hybrid
973,34,298867,3.0,2,1.8,8,9,29,18,29838,24105,8,10,8,3,7,10,10,10,10,5,10,Other,Tier 3,Hybrid
974,24,104349,6.4,4,0.8,9,1,1,7,113743,111189,7,1,3,1,1,1,6,4,3,9,6,Male,Tier 3,Hybrid
975,43,118855,10.5,1,2.1,1,6,25,5,71318,64534,9,4,9,1,6,9,3,7,10,3,10,Other,Tier 1,Online
976,21,256507,5.1,12,2.7,8,7,29,7,60042,46980,9,4,9,10,7,4,4,8,7,2,9,Female,Tier 3,Hybrid
977,25,231020,2.5,8,0.8,7,9,9,3,715,19999,4,3,9,3,4,4,10,3,2,9,9,Other,Tier 1,Hybrid
978,40,117955,5.8,10,4.4,2,9,15,10,5686,106946,8,8,7,2,1,7,6,10,3,1,9,Other,Tier 1,Hybrid
979,59,159670,3.3,2,3.8,8,10,14,13,31112,121255,9,2,6,10,7,10,9,4,9,5,6,Other,Tier 2,Hybrid
980,29,28722,11.9,14,4.4,7,7,11,12,140449,101287,3,10,6,10,2,3,6,8,4,5,10,Other,Tier 3,Hybrid
981,54,105200,4.4,4,3.7,7,1,24,14,78582,36283,10,10,1,8,5,8,3,10,7,7,10,Female,Tier 1,Hybrid
982,66,249571,7.1,7,3.0,9,1,17,19,120374,80976,8,5,9,6,10,10,5,7,5,2,9,Male,Tier 3,Hybrid
983,69,284276,10.2,2,2.6,4,5,26,14,136549,90510,4,7,10,9,9,2,7,5,10,9,1,Female,Tier 2,Hybrid
984,38,25178,9.6,3,4.0,9,7,28,0,86133,45300,2,1,3,7,3,8,1,7,7,5,9,Other,Tier 1,Online
985,19,113921,3.6,14,1.7,9,2,24,7,642,146325,9,10,9,4,1,6,8,5,9,9,4,Other,Tier 3,Hybrid
986,65,268369,3.5,14,4.5,2,9,11,13,62513,4319,3,8,6,1,1,1,4,1,6,7,7,Male,Tier 3,Hybrid
987,67,206589,7.9,1,5.5,6,7,9,3,146765,68935,10,4,8,9,5,7,8,10,1,9,8,Other,Tier 1,Hybrid
988,59,82031,6.6,3,2.6,1,1,3,20,53989,112626,6,2,1,4,5,5,5,5,3,10,10,Male,Tier 2,Store
989,48,163790,8.2,7,3.4,7,6,5,9,10623,99545,3,3,2,6,6,10,10,7,8,3,6,Female,Tier 1,Hybrid
990,29,114791,1.9,1,2.1,4,5,14,0,68295,131284,5,8,7,5,9,5,6,6,10,4,10,Female,Tier 2,Hybrid
991,28,70535,10.3,14,1.5,4,6,0,15,21952,36460,5,6,6,4,2,3,10,1,1,4,7,Male,Tier 3,Store
992,29,67922,11.2,2,5.6,8,4,29,20,38035,121955,8,3,7,5,9,9,4,10,6,9,6,Other,Tier 3,Hybrid
993,38,190248,2.5,10,4.1,3,6,4,10,27082,106951,2,9,6,8,6,10,2,8,2,1,6,Male,Tier 3,Hybrid
994,58,44727,4.7,10,0.7,8,8,9,8,124131,60877,6,4,6,3,5,8,9,5,2,8,2,Female,Tier 3,Hybrid
995,37,260890,2.8,5,5.1,10,4,1,10,61151,128512,9,9,1,4,4,2,9,4,7,2,2,Other,Tier 1,Hybrid
996,33,293240,11.1,3,2.7,1,9,15,16,140733,46396,9,2,6,3,8,9,8,4,1,5,9,Female,Tier 1,Hybrid
997,38,52817,4.1,2,2.8,5,7,10,6,86335,59856,8,9,1,2,9,10,2,6,7,8,4,Female,Tier 2,Hybrid
998,42,280342,1.5,8,2.8,7,3,18,12,17619,81867,4,4,7,3,10,10,10,5,7,7,5,Female,Tier 1,Hybrid
999,57,35200,8.4,2,0.5,10,9,10,15,60236,4946,9,4,6,3,2,2,9,10,7,9,5,Female,Tier 1,Hybrid
1000,59,174564,5.0,12,5.6,9,5,19,19,120515,97679,8,3,9,6,8,6,10,6,9,3,9,Other,Tier 1,Hybrid
